ClientID,Name,ContactPerson,PhoneNumber,Email,Address
CL001,Hayes PLC,Christopher Kelly,+1-100-866-8519,john75@davis-white.com,"731 Alexander Streets
Alvarezview, MD 02759"
CL002,"Stokes, Garcia and Bowers",Jessica Harris,817-254-0277,matthew41@gmail.com,"03563 Marc Ridges
East Steven, KS 96098"
CL003,Whitaker-Parker,Robert Sanchez,421.839.3200x4752,stonezachary@blanchard.com,"4792 Martinez Stream
Lambertland, MD 75469"
CL004,"Mcgee, Waters and Garrett",Dylan Vasquez,(840)634-8602,jrogers@baker-pierce.org,"441 Gary Streets Suite 809
Melissaborough, MO 03696"
CL005,Shannon-Larson,William Holmes,734.058.9990x220,jillianburns@hotmail.com,"2736 Marvin Causeway
Hannahfort, GA 24137"
CL006,Hawkins-Sanchez,Brenda Long,543.646.9779,blackpatricia@yahoo.com,"47478 Rebecca Ports
Veronicaton, VT 43174"
CL007,Brown LLC,Jason Davis,227-999-5053x16437,matthewsanna@yahoo.com,"67029 Perry Groves
Sullivanview, NE 12113"
CL008,"Walton, Boyer and Alexander",Tiffany Velez,696.007.9608x85446,joanna58@cohen.com,"044 Amanda Garden Apt. 425
East Kevin, NV 51419"
CL009,Lopez-Rodriguez,Evelyn Davis,537-377-8855,cody99@frederick-ward.biz,"3159 Roberts Flat Apt. 471
South Patrick, NY 03806"
CL010,Schneider and Sons,Barbara Bailey,541-589-3738x5728,bcaldwell@barnett.info,"0298 Roberta Haven Suite 030
North Angelamouth, OH 79940"
CL011,"Robinson, Franklin and Mosley",Katie Ponce,001-848-369-6090x74550,ruizryan@hotmail.com,"3291 Kayla Groves
South Sara, IL 02408"
CL012,Hill-Mclean,Mary Shepherd,001-260-207-7946x9790,tonykeller@hotmail.com,"42768 Mitchell Village
East Paulborough, MO 97505"
CL013,Gamble-Baker,Amy Brooks,523-200-0600x950,rose97@nichols.info,"423 Watson Turnpike
Lake Melanie, UT 16607"
CL014,Baker PLC,Brianna Simmons,(559)548-1838x62922,fsimmons@gmail.com,"95345 Clark Point Suite 719
Averyfort, ND 86288"
CL015,Leon and Sons,Erin Patterson,+1-116-501-1964,ujennings@rhodes.com,"141 Daniel Flats Apt. 919
North Patriciaberg, UT 80679"
CL016,"Silva, Shelton and Day",Evan Smith,001-889-666-2754,michaeloconnell@kramer.info,"PSC 1642, Box 1574
APO AE 40612"
CL017,Smith-Hutchinson,Brenda Thompson,(291)436-3360x9226,christophereaton@yahoo.com,"8819 Lauren Ports
Wangton, DC 71236"
CL018,"Burnett, Lopez and Garner",Stephen Mclean,(380)163-9303x3679,brian16@ward.com,"150 Gary Bridge
West Calvin, GA 45886"
CL019,"Smith, Golden and Swanson",Jennifer Smith,+1-789-730-8518x53155,elizabeth91@yahoo.com,"099 Miller Stravenue Apt. 243
Howardstad, DC 08998"
CL020,Morrison-Shaffer,Daniel Thompson,001-208-615-3011x0462,jasongreene@lopez-roberson.com,"316 Crawford Spur
East Nicholaschester, MT 20276"
CL021,Mays-Salazar,William Lewis,+1-197-537-4782x645,amandaguzman@hotmail.com,"37442 Alvarez Tunnel
Smithside, ME 90081"
CL022,"Rhodes, Garrison and Aguilar",Samantha Stephens,353-177-4699x550,thompsonerik@myers-waller.com,"886 Smith Squares Suite 477
Hodgetown, ND 66208"
CL023,Cohen Ltd,Mason Campbell,735.498.1812x3531,john89@gmail.com,"28740 Brown Crest Suite 973
Lake Scottfort, OH 47883"
CL024,Herrera Ltd,Ashley Sellers,400.902.0881x0223,lisaperez@gmail.com,"592 Booth Spur Apt. 091
Amandamouth, DC 79723"
CL025,Cook and Sons,Michael Stout,(425)628-2708x1851,dominiquemays@young.com,"302 Jennifer Islands
Debratown, AL 50579"
CL026,Gonzales Ltd,Joshua Vaughn,001-641-758-2105x458,hurstalbert@gmail.com,"79862 Kimberly Parkways
Marquezchester, NY 21244"
CL027,"Blackburn, Nelson and Harris",Christopher Salazar,001-974-490-3417x362,bishopdonald@brown-kent.biz,"Unit 8227 Box 8175
DPO AE 03399"
CL028,Cole-Lee,Douglas Alvarez,001-143-618-6645x52395,andrew11@johnson.org,"27966 Williams Tunnel Apt. 834
Port Kelly, OK 56028"
CL029,Martinez Group,Susan Thompson,488-708-5570x04531,kevinbaker@hotmail.com,"68730 Lee Crescent Suite 149
Michelleberg, WV 42389"
CL030,"Coleman, Burns and Moore",Shawn Martin,+1-165-443-4133,aspencer@vasquez-mcmahon.net,"7536 Rivera Station
Lake Michaelhaven, NY 04713"
CL031,"Rush, Jackson and Jones",Danielle Crawford,(456)087-6472x3136,david26@butler.com,"94954 Crawford Parks Apt. 182
Brandyberg, ND 23273"
CL032,"Davis, Watson and Hall",Elizabeth Clarke,067-501-0322,snyderryan@gutierrez.org,"76663 Bell Drive
South Jacquelinebury, OH 89758"
CL033,Russell-Gates,Mark Villarreal,+1-809-720-5985,zacharybryant@gmail.com,"929 Amy Key Apt. 441
Roberttown, NY 24350"
CL034,Bradford-Weber,Ruben Rodriguez,5907488409,cannonwilliam@yahoo.com,"8649 David Throughway
South Beth, OR 65859"
CL035,Gray-Gregory,Gina Smith,+1-393-011-1548x6946,phart@gmail.com,"070 Keith Lodge Apt. 232
South Melissachester, RI 14949"
CL036,Day-Mcdowell,Jacqueline Martin,282-426-2706x4256,david83@gmail.com,"74283 Matthew Path
Veronicafurt, RI 50497"
CL037,Ford-Nelson,William Ramirez,911-624-3886x6334,rebecca25@yahoo.com,"51090 Roger Lodge Suite 481
West Virginiafurt, LA 37538"
CL038,"Benson, Curtis and Moore",Vanessa Morris,(308)759-6879x676,rmiller@yahoo.com,"8694 Michael Island
East Rosebury, MO 47914"
CL039,"Clark, Le and Nelson",Dustin Greer,(742)810-1009x253,kmiller@russell.com,"496 Steven Isle Apt. 504
South Troyfurt, AK 11608"
CL040,Lozano Inc,Joshua Kelly,814.861.2500,denise98@gmail.com,"83451 Colton Burg
Williamsshire, WY 37513"
CL041,Shaffer and Sons,Jason Simon,001-705-280-9677x145,clarkrebecca@macias-gordon.com,"94336 Diana Club Suite 292
Stephensburgh, TN 74917"
CL042,Calderon and Sons,Adam Hamilton,(088)311-6083x4492,garciatara@gmail.com,"05748 Henderson Wells Suite 657
Parkerfurt, RI 91222"
CL043,"Clark, Evans and Romero",Paul Mcmillan,667-561-7484x27813,fthomas@yahoo.com,"5807 Roy Drive Apt. 435
Grayside, MA 62007"
CL044,"Morales, Barker and Johnson",Michael Johnson,(012)875-0058x2280,michael73@gmail.com,"949 Russell Pine Apt. 190
East Christopherfort, KY 35994"
CL045,"Nguyen, Cook and Howard",Robert Black,(723)201-9126,ryan40@dickerson.com,"11885 Keith Radial Apt. 632
West Hector, MA 42497"
CL046,"Williams, Peterson and Carter",Samantha Taylor,251-878-6755,tamarafields@harding.com,"30059 Jason Harbors Suite 926
Lake Elijah, OR 45872"
CL047,Barnes-Cortez,Amy Miller,+1-584-283-3627,ifloyd@robinson.com,"753 Osborn Overpass Suite 086
New Austin, OR 32513"
CL048,Klein-Spencer,Brian Parker,348-075-4974x73202,waltermullins@daniel.com,"490 Craig Route
Tabithashire, LA 82322"
CL049,Lewis Ltd,Aaron Burton,001-610-206-1065x76750,derek75@parrish.info,"750 Troy Islands Suite 211
Sandramouth, SD 24914"
CL050,"Holland, Kim and Garcia",Stephen Gomez,(659)121-3717x41308,efigueroa@yahoo.com,"6796 Spencer Estates
Jessicaland, OK 02874"
