CommissionID,SaleID,AgentName,Rate,Amount
CM0001,SA0001,Alisha Cox,1.49,253.28
CM0002,SA0002,Elizabeth Burke,2.33,164.95
CM0003,SA0003,James Williams,4.21,153.03
CM0004,SA0004,Jenna Richards,6.34,1514.55
CM0005,SA0005,Diana Bailey,8.83,287.44
CM0006,SA0006,Mary Rhodes,8.93,1868.97
CM0007,SA0007,Wendy Sanchez,5.78,305.53
CM0008,SA0008,Raymond Blake,6.3,1448.97
CM0009,SA0009,Anna Walker,7.18,1142.58
CM0010,SA0010,Mr. Scott Mcdaniel,2.43,137.99
CM0011,SA0011,Angela Butler,4.19,454.08
CM0012,SA0012,Timothy King,9.27,69.07
CM0013,SA0013,Lisa Anderson,8.7,650.11
CM0014,SA0014,Angela Jenkins,9.66,1884.29
CM0015,SA0015,Stephen Johnson,8.24,950.71
CM0016,SA0016,David Hendricks,4.03,613.16
CM0017,SA0017,Sheri Williams,1.55,42.91
CM0018,SA0018,Joseph Roberson,9.02,1305.63
CM0019,SA0019,Diamond Schmidt,6.21,916.47
CM0020,SA0020,Patrick Black,7.74,1876.84
CM0021,SA0021,Joseph Crawford,1.45,237.34
CM0022,SA0022,Emily Fisher,6.21,640.27
CM0023,SA0023,Leslie Padilla,3.82,154.94
CM0024,SA0024,Robin Allen,6.75,1437.3
CM0025,SA0025,Crystal Lopez,1.28,104.28
CM0026,SA0026,Andrea Bennett,1.77,164.38
CM0027,SA0027,Jessica Garcia,2.35,180.83
CM0028,SA0028,Brittney Morales,6.37,569.59
CM0029,SA0029,Jessica Wright,4.61,1066.86
CM0030,SA0030,Samantha Smith,4.08,1049.02
CM0031,SA0031,Jennifer Kim,8.81,1456.29
CM0032,SA0032,Erika Martin,6.1,553.81
CM0033,SA0033,Jason Odonnell,4.98,619.37
CM0034,SA0034,Melissa Lee,9.35,2006.47
CM0035,SA0035,Rebecca Armstrong,4.14,327.57
CM0036,SA0036,Pamela Johnson,8.17,99.4
CM0037,SA0037,Brittany Bird,6.52,379.96
CM0038,SA0038,Steven Olsen,7.68,305.56
CM0039,SA0039,Jeremy Humphrey,7.32,1227.4
CM0040,SA0040,Brenda Gordon,1.7,431.68
CM0041,SA0041,Dr. Jamie Simon,5.31,1374.8
CM0042,SA0042,Julie Young,8.84,674.17
CM0043,SA0043,Brenda Tanner,1.06,237.05
CM0044,SA0044,Crystal Garcia,6.96,1431.33
CM0045,SA0045,Katherine Herring,4.38,1135.47
CM0046,SA0046,Cody Reyes,3.09,665.33
CM0047,SA0047,Paul Bradley,8.17,503.93
CM0048,SA0048,Sherri Palmer,4.04,491.57
CM0049,SA0049,Christine Todd,4.53,872.73
CM0050,SA0050,Michael Henry,9.57,270.07
CM0051,SA0051,Shelley Stephens,7.33,1486.37
CM0052,SA0052,Sabrina Oliver,2.07,67.76
CM0053,SA0053,Larry Morgan,5.35,1435.15
CM0054,SA0054,Sherry Fry,7.6,1628.74
CM0055,SA0055,Mr. Nathaniel Sims,5.25,1385.96
CM0056,SA0056,Cameron Ochoa,3.06,140.32
CM0057,SA0057,George Garcia,7.57,1122.55
CM0058,SA0058,Samantha Salazar,1.64,277.24
CM0059,SA0059,Michael Johnson,4.26,324.2
CM0060,SA0060,James Harris,9.85,2558.91
CM0061,SA0061,Laura Henderson,6.86,686.58
CM0062,SA0062,Kimberly Mcgee,6.39,1613.07
CM0063,SA0063,Nathan Williams,6.38,455.84
CM0064,SA0064,Ms. Elizabeth York,5.89,666.35
CM0065,SA0065,Cynthia Graves,3.97,435.93
CM0066,SA0066,Michael Miller,3.24,498.72
CM0067,SA0067,Ellen Mills,9.77,83.72
CM0068,SA0068,Jake Cohen,2.11,346.61
CM0069,SA0069,Emily Peterson,6.17,1441.78
CM0070,SA0070,Kimberly Evans,3.25,709.42
CM0071,SA0071,Stephen Fitzpatrick,1.38,332.56
CM0072,SA0072,Victoria Hickman,7.88,762.37
CM0073,SA0073,Anita James,4.21,894.62
CM0074,SA0074,Jennifer Lopez,8.38,117.26
CM0075,SA0075,Craig Fischer,7.81,715.41
CM0076,SA0076,Joseph Cochran,2.37,138.05
CM0077,SA0077,Jeffrey Scott,6.27,1782.57
CM0078,SA0078,Ashley Suarez,2.49,282.28
CM0079,SA0079,Cameron Hoffman,8.92,591.34
CM0080,SA0080,Connie Richmond,6.84,1126.39
CM0081,SA0081,Joe Campbell,4.17,330.83
CM0082,SA0082,John Jennings,5.54,592.62
CM0083,SA0083,Dennis Norman,6.53,1608.34
CM0084,SA0084,Mr. Michael Harris,5.6,1626.37
CM0085,SA0085,Renee Cameron,4.35,571.55
CM0086,SA0086,Vanessa Werner,1.31,129.18
CM0087,SA0087,Kevin Ayers,4.64,319.16
CM0088,SA0088,Carmen Norris,1.75,113.62
CM0089,SA0089,George Nichols,9.7,1373.44
CM0090,SA0090,Rodney Holt,6.37,1427.38
CM0091,SA0091,Cynthia Boyd,5.34,1002.89
CM0092,SA0092,Gregory Johnson,8.35,956.17
CM0093,SA0093,Lynn Calderon,7.63,561.21
CM0094,SA0094,Michelle Griffith,3.27,406.45
CM0095,SA0095,Dana Padilla,6.35,887.7
CM0096,SA0096,Billy Smith,6.77,477.0
CM0097,SA0097,Colleen Gonzales,8.7,546.8
CM0098,SA0098,Kristy Fowler,1.81,13.37
CM0099,SA0099,Sierra Lee,3.67,534.6
CM0100,SA0100,Angela Ramos,1.18,60.85
CM0101,SA0101,Jenna Duffy,7.49,1510.25
CM0102,SA0102,Timothy Castro,2.5,334.72
CM0103,SA0103,Vincent Johnson,3.4,238.76
CM0104,SA0104,April Blair,2.06,169.5
CM0105,SA0105,Christopher Mullen,7.98,1763.36
CM0106,SA0106,Colton Mcbride,6.28,1008.23
CM0107,SA0107,Tara Downs,8.86,1635.81
CM0108,SA0108,Philip Gamble,8.51,1241.1
CM0109,SA0109,Brittany Herman,8.07,34.83
CM0110,SA0110,Scott Gregory,7.03,740.21
CM0111,SA0111,Holly Bishop,4.54,134.15
CM0112,SA0112,Sarah Taylor,9.31,1591.81
CM0113,SA0113,Christopher Parks,2.36,51.71
CM0114,SA0114,John Clark,1.31,36.84
CM0115,SA0115,Bobby Edwards,3.04,910.95
CM0116,SA0116,Mackenzie Sherman,6.62,1490.84
CM0117,SA0117,Rhonda Smith,4.9,760.26
CM0118,SA0118,Katherine Roberts,9.49,2517.57
CM0119,SA0119,Christopher Harding,9.06,1641.5
CM0120,SA0120,Michele Barker,2.73,45.39
CM0121,SA0121,Nancy Gardner,8.48,314.59
CM0122,SA0122,Daniel Rodriguez,9.85,1739.72
CM0123,SA0123,Susan Avila,7.44,983.34
CM0124,SA0124,Andrew Nelson,4.28,765.25
CM0125,SA0125,Robert Marks,6.68,391.13
CM0126,SA0126,Robert Carter,3.89,303.12
CM0127,SA0127,Deanna Hoffman,5.85,1358.22
CM0128,SA0128,Ryan Williams,8.41,425.07
CM0129,SA0129,Ashley Solis DVM,4.43,199.86
CM0130,SA0130,Jennifer Hughes,4.47,590.32
CM0131,SA0131,Sean Wolfe,8.38,1541.36
CM0132,SA0132,Jason Morgan,9.57,422.47
CM0133,SA0133,Sarah Todd,6.23,1664.16
CM0134,SA0134,Heather Acevedo DDS,7.59,1446.06
CM0135,SA0135,Desiree Alvarado,9.48,1070.0
CM0136,SA0136,Monica Pena,4.02,1052.89
CM0137,SA0137,James Phillips,3.17,377.56
CM0138,SA0138,Timothy Johnston,9.04,227.72
CM0139,SA0139,John Brewer,8.91,2549.11
CM0140,SA0140,Amy Harris,2.4,141.65
CM0141,SA0141,Diana Herrera,7.46,75.11
CM0142,SA0142,James King,6.0,1145.8
CM0143,SA0143,Samantha Fry,6.47,565.23
CM0144,SA0144,Zachary Holland,8.88,1805.81
CM0145,SA0145,Ashley Spears,7.88,1239.75
CM0146,SA0146,Carl Hernandez,8.15,2192.77
CM0147,SA0147,Kendra Moss,5.87,496.35
CM0148,SA0148,Jordan Jefferson,5.09,796.65
CM0149,SA0149,Austin Good,9.64,1908.43
CM0150,SA0150,Veronica Mercado,1.43,353.59
CM0151,SA0151,David Pearson,4.75,492.3
CM0152,SA0152,Jonathan Austin,3.56,459.5
CM0153,SA0153,Jenna Campos,6.79,445.67
CM0154,SA0154,Tim Bennett,4.9,770.77
CM0155,SA0155,Thomas Kerr,4.8,828.24
CM0156,SA0156,Dr. Traci Padilla,4.85,669.41
CM0157,SA0157,Maria Lindsey,9.6,745.5
CM0158,SA0158,Jonathan Williams,1.8,184.28
CM0159,SA0159,Mary Gonzalez,8.21,926.75
CM0160,SA0160,Jeffrey Hawkins,1.94,17.16
CM0161,SA0161,Gary Dudley,4.44,889.32
CM0162,SA0162,Rebecca Fuentes,1.86,313.57
CM0163,SA0163,Sarah Reed,6.86,1038.67
CM0164,SA0164,Luis Armstrong,3.12,431.28
CM0165,SA0165,Tiffany Phillips,7.27,472.84
CM0166,SA0166,Darryl Thomas,8.63,2516.7
CM0167,SA0167,Eric Mendoza,7.6,1789.45
CM0168,SA0168,Donald Collins,9.91,1259.17
CM0169,SA0169,Kimberly Lyons,6.78,1184.14
CM0170,SA0170,David Hernandez,8.21,2106.59
CM0171,SA0171,Mary Miller,1.08,27.76
CM0172,SA0172,Kathleen Collins,5.61,1886.05
CM0173,SA0173,Samantha Thompson,4.69,140.66
CM0174,SA0174,Sonya Barton,9.78,223.01
CM0175,SA0175,Jeremy Powers,9.36,1461.12
CM0176,SA0176,Elizabeth Allen,5.66,1401.56
CM0177,SA0177,Lisa Jackson,2.72,343.88
CM0178,SA0178,Frank Mclaughlin,8.45,161.88
CM0179,SA0179,Christopher Jordan,6.88,688.26
CM0180,SA0180,Melissa Dawson,8.06,753.07
CM0181,SA0181,Natasha Rodriguez,1.06,113.85
CM0182,SA0182,Anthony Kent,7.75,1182.92
CM0183,SA0183,Julie White,4.57,109.22
CM0184,SA0184,Shannon Haas,8.77,1771.27
CM0185,SA0185,Zachary Olson,1.81,5.25
CM0186,SA0186,Amber Jones,7.21,1340.83
CM0187,SA0187,Tammie Holt,5.13,54.96
CM0188,SA0188,Richard Gordon,3.88,259.31
CM0189,SA0189,Jessica Carpenter MD,5.91,569.24
CM0190,SA0190,Christian Stephens,4.36,1002.25
CM0191,SA0191,Jack Burgess,2.92,462.87
CM0192,SA0192,Dr. Paul Jones,4.37,69.69
CM0193,SA0193,Tammie Cook,3.34,372.98
CM0194,SA0194,Lauren Bell,5.06,908.26
CM0195,SA0195,Jennifer Ingram,4.01,701.85
CM0196,SA0196,Lauren Flores,8.64,152.35
CM0197,SA0197,Amy Rogers,6.42,738.39
CM0198,SA0198,Fred Knox,1.55,168.46
CM0199,SA0199,Dana Jackson,3.49,324.38
CM0200,SA0200,Matthew Baxter,9.23,919.01
CM0201,SA0201,Michael Ayala,9.06,1315.54
CM0202,SA0202,Susan Harris,1.25,122.45
CM0203,SA0203,Steven Foster,3.93,664.94
CM0204,SA0204,Jennifer Hall,8.32,420.94
CM0205,SA0205,Amy Barnes,3.24,316.04
CM0206,SA0206,Cristian Chambers,5.55,270.56
CM0207,SA0207,Timothy Brown,8.8,1037.29
CM0208,SA0208,Miranda Martin,7.32,489.23
CM0209,SA0209,Lorraine Waters DVM,3.66,1.62
CM0210,SA0210,Randy Nelson,1.32,235.81
CM0211,SA0211,Nathan Ward,4.76,1174.71
CM0212,SA0212,Sharon Bennett,1.52,229.79
CM0213,SA0213,Tommy Calderon,2.13,61.7
CM0214,SA0214,Jonathan Koch,5.13,1358.13
CM0215,SA0215,Veronica Mcclure,3.22,182.57
CM0216,SA0216,Mark Smith,8.22,467.09
CM0217,SA0217,Melissa Taylor,9.72,1243.12
CM0218,SA0218,Jose Hernandez,8.13,948.72
CM0219,SA0219,Sarah Day,6.5,2200.54
CM0220,SA0220,Timothy Hernandez,5.11,101.37
CM0221,SA0221,Denise Berry,3.18,484.82
CM0222,SA0222,Kimberly Garrett,1.32,34.46
CM0223,SA0223,Lisa Martinez,9.16,1276.9
CM0224,SA0224,Michael Martinez,8.44,1768.16
CM0225,SA0225,Megan Banks,9.63,2156.54
CM0226,SA0226,Rachael Davis,3.29,566.96
CM0227,SA0227,Lisa Hines,1.34,41.53
CM0228,SA0228,Kevin Ferguson,3.3,154.26
CM0229,SA0229,John Brown,3.15,13.43
CM0230,SA0230,Jason Burns,7.73,1800.48
CM0231,SA0231,Scott Salazar,6.82,682.89
CM0232,SA0232,Kristen Perkins,5.89,1714.19
CM0233,SA0233,Tracy Stein,6.92,544.35
CM0234,SA0234,Ronald Price,1.81,76.26
CM0235,SA0235,Brooke Leonard,8.5,793.94
CM0236,SA0236,Daniel Scott,2.63,349.88
CM0237,SA0237,Margaret Clark,6.41,968.98
CM0238,SA0238,Jeffery Thomas,7.43,1883.66
CM0239,SA0239,Felicia Flores,1.23,168.62
CM0240,SA0240,Steven Johnson,9.54,76.88
CM0241,SA0241,Mackenzie Perez,9.5,1257.73
CM0242,SA0242,Mark Ramirez,6.46,1818.63
CM0243,SA0243,Joseph Jones,2.65,138.58
CM0244,SA0244,Brandon Gray,9.76,1803.9
CM0245,SA0245,Sierra Campbell,6.71,1015.33
CM0246,SA0246,Desiree Ortiz,8.43,1418.64
CM0247,SA0247,Christine Lopez,2.05,125.77
CM0248,SA0248,Maria Vincent,6.82,1216.53
CM0249,SA0249,Brandon Fox,9.47,1358.4
CM0250,SA0250,Rebecca Foster,9.96,332.62
CM0251,SA0251,Mr. Nathaniel Barton,2.87,444.06
CM0252,SA0252,Hannah Reed,2.93,224.42
CM0253,SA0253,Jason Cook,5.92,710.37
CM0254,SA0254,Lynn Davis,8.88,794.48
CM0255,SA0255,Shannon Eaton,7.31,1199.3
CM0256,SA0256,Richard Nicholson,1.69,173.72
CM0257,SA0257,Julia Miller,1.52,199.85
CM0258,SA0258,Karl Campbell,1.24,121.1
CM0259,SA0259,Kevin Miller,6.34,1334.7
CM0260,SA0260,Michael Davis,2.37,482.24
CM0261,SA0261,Samantha Higgins,2.03,319.92
CM0262,SA0262,Kevin Key,5.55,874.16
CM0263,SA0263,Joshua Taylor,8.59,610.09
CM0264,SA0264,Randall Shaffer,1.38,187.74
CM0265,SA0265,Edgar Henderson,9.2,851.74
CM0266,SA0266,Richard Thomas,7.0,2032.37
CM0267,SA0267,Stephen Hammond,1.68,110.68
CM0268,SA0268,Chris Wilson,7.61,199.2
CM0269,SA0269,Elizabeth Bowman,6.77,820.05
CM0270,SA0270,Heather Osborn,2.11,262.7
CM0271,SA0271,Nicole Foster,5.51,981.91
CM0272,SA0272,Melissa Lyons,9.21,20.53
CM0273,SA0273,Seth Serrano,4.95,832.06
CM0274,SA0274,Paul Nelson,6.55,1501.89
CM0275,SA0275,Kimberly Grant,2.41,687.96
CM0276,SA0276,Robin Johnson,6.96,118.37
CM0277,SA0277,Daniel Rodriguez,9.18,2724.15
CM0278,SA0278,Christopher Green,6.3,397.78
CM0279,SA0279,David Fritz,4.61,825.4
CM0280,SA0280,Helen Shepard,8.28,1003.6
CM0281,SA0281,Julie Stewart,1.48,373.23
CM0282,SA0282,Harold Cooper,9.68,351.63
CM0283,SA0283,Daniel Cooper,7.65,519.75
CM0284,SA0284,Charles Bradley,4.49,140.32
CM0285,SA0285,Colleen Williams,3.68,401.61
CM0286,SA0286,Mrs. Sarah Lawson,1.96,323.3
CM0287,SA0287,Lori Hoffman,7.59,1269.41
CM0288,SA0288,Breanna Winters,5.62,270.19
CM0289,SA0289,Sonia Jones,5.24,216.75
CM0290,SA0290,Amanda Lee,1.83,352.98
CM0291,SA0291,Marcus Stark,8.17,2300.33
CM0292,SA0292,Louis Higgins,2.84,705.56
CM0293,SA0293,Alicia Hernandez,8.68,175.7
CM0294,SA0294,Nicholas Torres,5.34,847.59
CM0295,SA0295,Terry Sanchez,1.82,248.58
CM0296,SA0296,Donald Walton,1.67,180.81
CM0297,SA0297,Brittany Duarte,1.64,151.59
CM0298,SA0298,Christopher Petty Jr.,4.41,109.8
CM0299,SA0299,Janet Mitchell,6.69,1728.82
CM0300,SA0300,Dustin Lawrence,7.44,1916.61
CM0301,SA0301,Desiree Brown DVM,1.71,149.99
CM0302,SA0302,Christina Adams,2.04,462.84
CM0303,SA0303,Michael Cook,4.13,604.1
CM0304,SA0304,Brittany Murray,7.59,1291.59
CM0305,SA0305,Billy Giles,8.85,1324.83
CM0306,SA0306,Erik Hernandez,7.87,817.94
CM0307,SA0307,John Thomas,5.04,428.77
CM0308,SA0308,Mathew Rodriguez,4.49,491.59
CM0309,SA0309,David Hamilton,3.97,894.9
CM0310,SA0310,Cassandra Stout,9.55,3180.59
CM0311,SA0311,Angel Hardy,2.18,88.04
CM0312,SA0312,Nicole Adams,2.07,325.15
CM0313,SA0313,Lauren Reed,7.48,597.29
CM0314,SA0314,Kenneth Fleming,8.03,181.89
CM0315,SA0315,Carlos Campbell,8.56,2146.38
CM0316,SA0316,Nicole Salazar,5.04,859.67
CM0317,SA0317,Melanie Ramirez,5.83,1249.01
CM0318,SA0318,Greg Pena,6.4,1742.6
CM0319,SA0319,Victoria Williams,2.66,655.5
CM0320,SA0320,Sean Wilson,5.29,941.81
CM0321,SA0321,George Mcpherson MD,3.36,49.11
CM0322,SA0322,Robert Cohen,2.35,204.82
CM0323,SA0323,Peter King,4.07,665.04
CM0324,SA0324,Jody Crawford,7.5,1050.01
CM0325,SA0325,Michelle Reese,2.44,65.5
CM0326,SA0326,Andrea Hart,1.41,167.5
CM0327,SA0327,Margaret Atkinson,5.32,41.86
CM0328,SA0328,Angela Smith,6.11,177.17
CM0329,SA0329,Dr. Christian Sims,6.07,587.92
CM0330,SA0330,Jade Wood,3.43,164.26
CM0331,SA0331,Amanda Patton,5.68,1230.22
CM0332,SA0332,Brooke Herrera DVM,8.61,689.47
CM0333,SA0333,Robert Harris,3.33,847.03
CM0334,SA0334,Hector Flowers,9.24,2003.55
CM0335,SA0335,Jack Scott,5.61,847.88
CM0336,SA0336,Brian Barnett,5.44,708.38
CM0337,SA0337,John Long,4.39,206.68
CM0338,SA0338,Deborah Hunt,7.4,522.98
CM0339,SA0339,Jose Reynolds,4.63,1158.28
CM0340,SA0340,Phillip Gibbs,6.66,930.31
CM0341,SA0341,Thomas Arnold,4.98,754.87
CM0342,SA0342,Monica Davis,4.13,188.84
CM0343,SA0343,Erin Simpson,2.83,346.93
CM0344,SA0344,Joseph Crawford,7.98,94.12
CM0345,SA0345,Kevin Li,4.44,1287.42
CM0346,SA0346,Susan Contreras,6.79,1077.8
CM0347,SA0347,Jesus Ray,7.5,1876.84
CM0348,SA0348,Tanner Daniels,1.63,191.57
CM0349,SA0349,Dr. Lindsey Carr,9.59,645.09
CM0350,SA0350,Spencer Brooks,9.07,42.36
CM0351,SA0351,Whitney Lee,4.86,1431.82
CM0352,SA0352,Margaret Carr,4.31,406.49
CM0353,SA0353,Thomas Fisher,2.2,545.24
CM0354,SA0354,Kathy Wheeler,2.11,4.38
CM0355,SA0355,Melissa Woodard,2.75,819.09
CM0356,SA0356,Elizabeth Becker,9.19,2354.86
CM0357,SA0357,Cynthia Kaufman,6.53,617.48
CM0358,SA0358,Hannah Mcgee,4.33,964.3
CM0359,SA0359,Rachel Burns,3.26,386.19
CM0360,SA0360,Stephanie Nichols,2.92,685.75
CM0361,SA0361,Gina Morris,3.89,447.64
CM0362,SA0362,Nicholas Patel,9.09,1464.92
CM0363,SA0363,Stephanie Ray,6.49,79.43
CM0364,SA0364,Nathan Ruiz,9.78,1827.36
CM0365,SA0365,Ronald Rubio,8.26,1548.27
CM0366,SA0366,David Barnett,5.39,1419.92
CM0367,SA0367,Thomas Morris,9.25,1880.33
CM0368,SA0368,Terry Williams,4.07,295.49
CM0369,SA0369,Eric Mitchell,8.97,591.07
CM0370,SA0370,Cody Powell,1.53,176.77
CM0371,SA0371,Lance Davidson,9.1,922.96
CM0372,SA0372,Michael Odonnell,1.86,353.27
CM0373,SA0373,Adam Yang,8.04,609.82
CM0374,SA0374,Robert Prince,3.49,154.72
CM0375,SA0375,Thomas Manning,6.25,16.23
CM0376,SA0376,Lee Brown,7.78,534.64
CM0377,SA0377,Vincent Yang,9.43,223.75
CM0378,SA0378,Susan Simmons,9.11,1756.61
CM0379,SA0379,Todd Jackson,3.09,336.89
CM0380,SA0380,Alejandro Johnson,8.98,295.04
CM0381,SA0381,Jacqueline Phillips,5.49,1175.78
CM0382,SA0382,Crystal Harris,3.44,475.13
CM0383,SA0383,Cristina Hammond,1.86,219.03
CM0384,SA0384,Ashley Wright,2.19,45.57
CM0385,SA0385,Patricia Wallace,3.98,374.21
CM0386,SA0386,Blake Swanson,4.18,981.47
CM0387,SA0387,Kara Barker,5.37,1282.22
CM0388,SA0388,Joseph Ryan,4.16,700.22
CM0389,SA0389,Holly Mcdonald,7.82,912.06
CM0390,SA0390,Alexis Rodriguez,9.07,1149.82
CM0391,SA0391,Mark Goodman,9.16,94.53
CM0392,SA0392,Laurie Jackson,6.77,1490.15
CM0393,SA0393,Dawn Nelson,7.35,746.76
CM0394,SA0394,Eric Chase III,3.8,756.46
CM0395,SA0395,Douglas Miller,4.41,580.79
CM0396,SA0396,Ronnie Hernandez,9.53,1586.53
CM0397,SA0397,Robert Rivera,2.88,194.26
CM0398,SA0398,Andrew Mayo,1.95,322.53
CM0399,SA0399,Lisa Snyder,8.05,2003.05
CM0400,SA0400,Molly Hatfield,9.69,1140.5
CM0401,SA0401,Amy Martinez,1.61,186.82
CM0402,SA0402,James Atkinson,9.43,125.73
CM0403,SA0403,Haley Wu,3.1,436.72
CM0404,SA0404,Dr. Amy Smith,9.21,1589.61
CM0405,SA0405,Jorge Smith,7.01,979.72
CM0406,SA0406,Adam Collins,6.63,1524.68
CM0407,SA0407,Stephen Watson,7.48,1811.29
CM0408,SA0408,Raymond Orozco,6.42,95.71
CM0409,SA0409,Tina Hall,9.47,2116.67
CM0410,SA0410,Andrew Prince,2.4,42.15
CM0411,SA0411,Linda Hart,4.77,331.74
CM0412,SA0412,Jessica Moore,3.18,383.2
CM0413,SA0413,Amanda Pugh,7.26,33.15
CM0414,SA0414,Felicia Baxter,2.96,116.44
CM0415,SA0415,Nicholas Palmer,6.78,1280.01
CM0416,SA0416,Matthew Hernandez,4.06,778.17
CM0417,SA0417,Sherri Hicks,5.66,705.67
CM0418,SA0418,Robert Garrison,3.72,20.71
CM0419,SA0419,Patrick Moore,7.45,210.26
CM0420,SA0420,Ryan Cruz,3.36,233.9
CM0421,SA0421,Stephanie Archer,8.99,1087.59
CM0422,SA0422,Jerome Cook II,8.06,338.65
CM0423,SA0423,David Norris,2.07,566.63
CM0424,SA0424,Alexander Phillips,2.16,508.89
CM0425,SA0425,Rebecca Nichols,2.58,114.62
CM0426,SA0426,Arthur Trujillo,3.49,199.31
CM0427,SA0427,Jennifer Smith,6.02,213.25
CM0428,SA0428,Christopher Bishop,1.94,144.49
CM0429,SA0429,Andrew Shields,6.87,940.29
CM0430,SA0430,Kimberly Parker,5.21,906.43
CM0431,SA0431,John Cooper,3.44,9.99
CM0432,SA0432,Brianna Allen,9.71,1521.19
CM0433,SA0433,April Clark,2.88,450.01
CM0434,SA0434,Stephanie Osborne,7.09,1229.83
CM0435,SA0435,Mitchell Austin,2.78,227.72
CM0436,SA0436,William Patterson,7.4,218.67
CM0437,SA0437,Jonathan Miller,2.36,119.54
CM0438,SA0438,Evan Walters,1.92,260.25
CM0439,SA0439,Michele Martinez,2.62,698.69
CM0440,SA0440,Donna Clark,2.08,317.23
CM0441,SA0441,Christopher Johnson,8.53,1429.73
CM0442,SA0442,Karen Garcia DDS,2.85,291.93
CM0443,SA0443,Erica Williams,7.14,1221.31
CM0444,SA0444,James Johnson,8.51,487.65
CM0445,SA0445,Rita Mack,9.0,573.52
CM0446,SA0446,Michael Owens,6.13,104.59
CM0447,SA0447,Rachel Young,9.33,1186.74
CM0448,SA0448,Jonathan Garcia,6.22,1181.81
CM0449,SA0449,Jenny Thompson,3.71,767.63
CM0450,SA0450,Joshua Curry,2.34,254.05
CM0451,SA0451,Heather Washington,7.94,30.34
CM0452,SA0452,Thomas Rodriguez,7.55,1567.81
CM0453,SA0453,Hannah Cline,4.43,796.97
CM0454,SA0454,Sharon Gonzalez,3.98,481.85
CM0455,SA0455,Ellen Osborn,7.97,719.79
CM0456,SA0456,Natasha Larson,1.06,310.22
CM0457,SA0457,Jeffery Gordon,5.76,248.58
CM0458,SA0458,Kathy Gill,6.04,309.01
CM0459,SA0459,Maria Graves,7.5,1356.3
CM0460,SA0460,Anne Davis,8.79,831.79
CM0461,SA0461,Kayla Holmes,4.07,210.78
CM0462,SA0462,Michelle Rosario,4.06,595.49
CM0463,SA0463,David Ward,1.24,239.13
CM0464,SA0464,Jonathan Harmon,6.75,1178.33
CM0465,SA0465,Courtney Patel,2.72,15.67
CM0466,SA0466,Joseph Wilkerson,1.85,199.52
CM0467,SA0467,Daniel Lin,4.8,197.5
CM0468,SA0468,Justin Collins,9.42,1521.34
CM0469,SA0469,Jaime Ferguson,1.33,46.81
CM0470,SA0470,Stacey Jenkins,6.28,160.48
CM0471,SA0471,Tim Carpenter,9.65,1766.5
CM0472,SA0472,Wyatt Mahoney,9.54,3250.52
CM0473,SA0473,Kimberly Clark,2.55,389.04
CM0474,SA0474,Sean Wallace,3.15,131.04
CM0475,SA0475,Ana Stewart,7.5,1049.99
CM0476,SA0476,Chad Barber,6.2,1121.01
CM0477,SA0477,Martha Hawkins,4.27,4.68
CM0478,SA0478,Mr. Joseph Sullivan DDS,4.74,311.22
CM0479,SA0479,Jacob Diaz,5.31,348.58
CM0480,SA0480,Stacey Mills,8.27,1705.93
CM0481,SA0481,Joel King,8.97,2366.08
CM0482,SA0482,Kathleen Wells,1.51,302.19
CM0483,SA0483,James Spence,5.22,152.52
CM0484,SA0484,Sabrina Hunt,7.04,256.22
CM0485,SA0485,Sandra Jones,2.16,96.6
CM0486,SA0486,Christopher Bell,8.05,2448.73
CM0487,SA0487,Allison Pruitt,9.34,798.88
CM0488,SA0488,Kendra Douglas,8.11,2431.48
CM0489,SA0489,Denise Shelton,3.03,119.44
CM0490,SA0490,Sylvia Trevino,5.58,336.44
CM0491,SA0491,Lisa Adams,7.98,190.16
CM0492,SA0492,Alexandra Mata,3.58,337.95
CM0493,SA0493,Eric Baker,7.12,1482.4
CM0494,SA0494,Katie Mueller,7.47,1034.46
CM0495,SA0495,Megan Allen,4.13,261.09
CM0496,SA0496,Andrew Harrington,6.24,927.38
CM0497,SA0497,Kent Hamilton,4.56,1239.44
CM0498,SA0498,Omar Jackson,4.07,539.88
CM0499,SA0499,Samantha Johnston,5.66,259.43
CM0500,SA0500,Rachel Blankenship,2.48,277.19
CM0501,SA0501,Kevin Richardson,2.15,187.13
CM0502,SA0502,Matthew Vance,2.1,550.21
CM0503,SA0503,James Rivers,6.12,520.16
CM0504,SA0504,Amy Bailey,4.93,1477.45
CM0505,SA0505,Kyle Lane,7.23,189.57
CM0506,SA0506,Matthew Johnson,2.16,86.91
CM0507,SA0507,Nancy Underwood,1.43,472.48
CM0508,SA0508,Juan Burton,1.58,230.89
CM0509,SA0509,Kevin Salinas,9.62,227.84
CM0510,SA0510,Thomas Flores,6.81,654.26
CM0511,SA0511,Anthony Lane,1.56,270.35
CM0512,SA0512,Samuel Burgess,7.83,818.61
CM0513,SA0513,Julia Lynch,2.69,280.67
CM0514,SA0514,Donna Jackson,3.83,433.4
CM0515,SA0515,Alicia Koch,1.44,155.39
CM0516,SA0516,Glenn Norris,6.44,1226.19
CM0517,SA0517,Chris Martinez,8.0,704.17
CM0518,SA0518,Caleb Cooper,3.69,69.81
CM0519,SA0519,Holly Henson,6.5,1243.56
CM0520,SA0520,Mary Robinson,1.67,64.24
CM0521,SA0521,Edward Myers,1.24,93.31
CM0522,SA0522,Derrick Curtis,2.31,13.39
CM0523,SA0523,Wayne Smith,6.72,253.66
CM0524,SA0524,Ashlee Morris,6.22,748.53
CM0525,SA0525,Charles Santos,2.7,81.22
CM0526,SA0526,Craig Gonzalez,7.28,571.35
CM0527,SA0527,Michele George,1.36,64.49
CM0528,SA0528,Kristi Wilkins,1.38,135.39
CM0529,SA0529,Scott Rice,7.86,248.81
CM0530,SA0530,Mario Gonzalez,9.25,1009.27
CM0531,SA0531,Kimberly Ballard,6.93,139.95
CM0532,SA0532,Jennifer Garcia,7.17,1025.35
CM0533,SA0533,Ryan Hernandez,7.83,635.18
CM0534,SA0534,Brandon Durham,6.52,1509.41
CM0535,SA0535,Deborah Simpson,2.44,453.13
CM0536,SA0536,Sandra Finley,6.77,1269.31
CM0537,SA0537,Marisa Kelly,2.15,221.34
CM0538,SA0538,Nancy Potter,8.45,2010.11
CM0539,SA0539,Ebony Pacheco,2.31,460.61
CM0540,SA0540,Diane Doyle,8.89,964.29
CM0541,SA0541,Alexis Mcdaniel,7.9,1679.48
CM0542,SA0542,Aaron Moss,1.35,151.93
CM0543,SA0543,Sierra Williams,5.65,357.23
CM0544,SA0544,Julie Lambert,8.24,1976.68
CM0545,SA0545,Alison Mills,1.47,328.4
CM0546,SA0546,William Reyes,8.38,303.51
CM0547,SA0547,Rodney Baker,9.45,695.18
CM0548,SA0548,Daniel Caldwell,5.65,502.68
CM0549,SA0549,Richard Hernandez,1.38,292.12
CM0550,SA0550,Daniel Cummings,9.65,300.55
CM0551,SA0551,Kevin Lane,7.6,1424.86
CM0552,SA0552,Bernard Whitaker,7.42,1557.74
CM0553,SA0553,Ryan Wolf,6.47,1649.54
CM0554,SA0554,Joshua Gutierrez,9.58,2359.83
CM0555,SA0555,Mark Ferguson,7.37,2017.87
CM0556,SA0556,Angela Martin,9.96,2331.62
CM0557,SA0557,Brandon Chavez,4.95,461.0
CM0558,SA0558,Robert Bush,9.01,1426.99
CM0559,SA0559,Charles Johnson,9.91,611.49
CM0560,SA0560,Susan Ramsey,9.31,2073.67
CM0561,SA0561,Zachary Hunt,3.45,805.99
CM0562,SA0562,Gary Davis,2.32,172.48
CM0563,SA0563,Alex Martinez,4.45,483.94
CM0564,SA0564,Donna Hamilton,3.4,189.98
CM0565,SA0565,Martha Taylor,2.07,104.18
CM0566,SA0566,Kristina Bishop,2.5,188.65
CM0567,SA0567,Sandra King,1.38,31.83
CM0568,SA0568,Jessica Brooks,4.8,870.68
CM0569,SA0569,Nicole Park,8.55,102.24
CM0570,SA0570,Maria Rodriguez,8.6,319.59
CM0571,SA0571,Charles Villegas,4.9,774.96
CM0572,SA0572,Amy Smith,9.52,676.81
CM0573,SA0573,Chelsea Robertson,8.16,800.78
CM0574,SA0574,Joshua Guerrero,9.36,2346.38
CM0575,SA0575,John Shelton,9.68,378.02
CM0576,SA0576,Mark Richmond,9.11,220.57
CM0577,SA0577,Donna Spencer,6.81,167.12
CM0578,SA0578,Johnny Washington,6.81,1673.38
CM0579,SA0579,Jaime Bauer,5.62,360.14
CM0580,SA0580,Deborah Wells,5.64,517.84
CM0581,SA0581,Melanie Reed,5.61,1698.62
CM0582,SA0582,Mary Morgan,8.91,869.88
CM0583,SA0583,Pamela Armstrong,3.65,474.17
CM0584,SA0584,Bobby Lopez,8.86,2385.39
CM0585,SA0585,Dr. Jasmine Bell,1.54,388.06
CM0586,SA0586,Hailey Duncan,5.28,772.43
CM0587,SA0587,Melinda Dominguez,4.73,39.75
CM0588,SA0588,David Miller,4.69,226.56
CM0589,SA0589,Glenda Hale,8.23,548.7
CM0590,SA0590,Jon Nguyen,4.81,209.32
CM0591,SA0591,Mitchell Martin,9.31,2028.15
CM0592,SA0592,Laura Williams,4.05,721.49
CM0593,SA0593,Kimberly Scott,5.53,102.38
CM0594,SA0594,Felicia Suarez,6.31,193.74
CM0595,SA0595,Jamie Cohen,4.41,355.12
CM0596,SA0596,Melanie Lynch,4.17,610.02
CM0597,SA0597,Edward Cruz,2.18,81.38
CM0598,SA0598,Albert Hester,2.15,405.85
CM0599,SA0599,Robin Nichols,3.85,351.3
CM0600,SA0600,Mary Sims,9.07,849.03
CM0601,SA0601,Amy Gilbert,9.83,1342.09
CM0602,SA0602,Kayla Horton,4.04,124.56
CM0603,SA0603,Anthony Jones,9.03,1063.2
CM0604,SA0604,Gregory Mcdaniel,5.62,488.03
CM0605,SA0605,Barbara Wright,9.19,370.87
CM0606,SA0606,Heather Moore,8.44,2068.57
CM0607,SA0607,Robert Barry,2.87,299.91
CM0608,SA0608,Michael Vaughn,4.16,180.17
CM0609,SA0609,Amy Wallace,3.51,819.11
CM0610,SA0610,Keith Stephens,1.25,326.01
CM0611,SA0611,Brandon Lane,3.38,250.01
CM0612,SA0612,Shannon Parks,6.24,22.11
CM0613,SA0613,Ariel Lambert,6.97,1956.73
CM0614,SA0614,Ricky Gonzalez,3.62,740.79
CM0615,SA0615,Lindsey Davis,6.65,496.58
CM0616,SA0616,Ashley Zimmerman,7.8,956.86
CM0617,SA0617,James Miller,8.53,2060.01
CM0618,SA0618,Joseph Moreno,6.89,1143.87
CM0619,SA0619,Mrs. Anne Miller MD,7.15,1404.9
CM0620,SA0620,Jacob Mitchell,5.15,801.34
CM0621,SA0621,Dawn Lee,4.62,424.76
CM0622,SA0622,Michelle Little,4.73,915.39
CM0623,SA0623,Ashley Barton,5.82,81.67
CM0624,SA0624,Kristina Russo,1.9,318.66
CM0625,SA0625,Elizabeth Baker,5.07,1352.93
CM0626,SA0626,Teresa Taylor,1.8,9.76
CM0627,SA0627,Nicole Perez,2.37,207.87
CM0628,SA0628,Charles Rivera,1.57,248.16
CM0629,SA0629,James Chang,4.05,1000.4
CM0630,SA0630,Roy Gutierrez,2.72,109.9
CM0631,SA0631,Anthony Newman,7.18,1078.83
CM0632,SA0632,Brandon Hughes,7.46,954.31
CM0633,SA0633,Mr. Paul Ryan,5.68,715.43
CM0634,SA0634,Keith Sanchez,9.51,944.79
CM0635,SA0635,James Blanchard,1.45,139.58
CM0636,SA0636,Shirley Williams,5.68,1379.78
CM0637,SA0637,Michael Williams,7.31,888.36
CM0638,SA0638,Yvette Brown,9.35,1405.6
CM0639,SA0639,Taylor Gross,9.62,858.99
CM0640,SA0640,Morgan Rodriguez,4.98,248.23
CM0641,SA0641,Thomas Kane,7.78,103.15
CM0642,SA0642,Anna Larson,9.38,640.51
CM0643,SA0643,Calvin Jordan,1.72,130.63
CM0644,SA0644,Caitlyn Porter,7.0,93.08
CM0645,SA0645,Linda Walker,4.06,729.68
CM0646,SA0646,Mary Mills,7.8,1063.54
CM0647,SA0647,Leslie James,6.84,900.18
CM0648,SA0648,Tracey Dean,7.52,1489.51
CM0649,SA0649,Mark Pham,6.86,424.46
CM0650,SA0650,Jesse Mccoy,2.53,42.23
CM0651,SA0651,Sandra Myers,7.91,2303.85
CM0652,SA0652,Robert Morales,9.18,1195.09
CM0653,SA0653,Michael Lopez,6.12,105.23
CM0654,SA0654,John Kennedy,1.94,285.0
CM0655,SA0655,Brittany Ellis,1.57,178.84
CM0656,SA0656,Carrie Wood,2.03,295.86
CM0657,SA0657,Amanda Payne,5.76,510.24
CM0658,SA0658,Anthony Johnson,2.74,329.52
CM0659,SA0659,Andrew Martinez,3.49,113.72
CM0660,SA0660,Monica Myers,2.02,45.48
CM0661,SA0661,Sherry Harrison,6.93,1059.49
CM0662,SA0662,Angela Herrera,6.02,1553.56
CM0663,SA0663,Daniel Hall,8.14,583.53
CM0664,SA0664,Caleb Cervantes,8.12,1809.92
CM0665,SA0665,Amy Ferguson,2.73,367.83
CM0666,SA0666,Jean Pugh,2.42,150.55
CM0667,SA0667,Daniel Sanchez,4.11,767.78
CM0668,SA0668,Jose Casey,4.12,209.13
CM0669,SA0669,Benjamin Moore,3.13,394.4
CM0670,SA0670,Andrew Dickerson,4.93,50.68
CM0671,SA0671,Brett Sullivan DVM,5.74,45.29
CM0672,SA0672,Nicole Bell,5.8,761.27
CM0673,SA0673,Mary Shepherd,7.7,307.21
CM0674,SA0674,James Davis,3.11,441.94
CM0675,SA0675,Randall Robertson,7.56,1272.9
CM0676,SA0676,Kristin Padilla,3.01,613.25
CM0677,SA0677,Kendra Gardner,4.13,272.5
CM0678,SA0678,Scott Anderson,3.95,381.14
CM0679,SA0679,Joseph Mays,7.47,355.94
CM0680,SA0680,Dr. Nicholas Garcia,5.03,458.45
CM0681,SA0681,Jason Garner,5.44,79.88
CM0682,SA0682,Matthew Jimenez,4.26,881.99
CM0683,SA0683,James Parker,2.81,49.88
CM0684,SA0684,Robert Rush,9.26,66.67
CM0685,SA0685,Michael Murphy,3.87,384.26
CM0686,SA0686,Natasha Griffin,1.13,12.4
CM0687,SA0687,Laura Martin,2.63,211.55
CM0688,SA0688,Matthew Carroll,9.02,2141.3
CM0689,SA0689,Bradley Bray,2.21,178.42
CM0690,SA0690,Mr. Charles Jenkins Jr.,2.21,139.32
CM0691,SA0691,John Delacruz,6.91,692.66
CM0692,SA0692,Lori Hammond,8.17,1021.15
CM0693,SA0693,Gregory Ross,4.15,147.19
CM0694,SA0694,Donna Mcguire,4.27,333.72
CM0695,SA0695,James Blair,5.63,565.06
CM0696,SA0696,Ashley Vasquez,2.35,467.67
CM0697,SA0697,Carolyn Smith,5.07,531.9
CM0698,SA0698,Heather Ortiz,9.62,1048.51
CM0699,SA0699,Rebecca Lopez,2.65,301.34
CM0700,SA0700,Theresa Mitchell,6.53,109.25
CM0701,SA0701,Keith Powers,4.03,67.53
CM0702,SA0702,Emily Christensen,1.58,137.43
CM0703,SA0703,Nicole Meyer,6.28,678.23
CM0704,SA0704,Mark Bailey,7.18,607.69
CM0705,SA0705,Caroline Mcpherson,6.65,851.21
CM0706,SA0706,Christine Robinson,9.43,1859.64
CM0707,SA0707,Robert Walsh,3.87,862.81
CM0708,SA0708,Martin Payne,6.61,30.89
CM0709,SA0709,Nicole Wood,7.41,1009.36
CM0710,SA0710,Aaron Pena,5.28,1634.39
CM0711,SA0711,Brandon Ruiz,2.94,407.87
CM0712,SA0712,Brian Ortega,1.13,117.07
CM0713,SA0713,Steven Horton DVM,8.56,2182.51
CM0714,SA0714,Paula Burton DDS,7.9,570.04
CM0715,SA0715,Brandy Cruz,2.21,569.79
CM0716,SA0716,Kathryn James,1.57,256.8
CM0717,SA0717,Sabrina Hicks,3.45,616.98
CM0718,SA0718,Ethan Chapman,7.27,364.83
CM0719,SA0719,Shawn Olson,8.52,628.48
CM0720,SA0720,Madison Madden,2.25,567.21
CM0721,SA0721,Raymond West,9.07,533.35
CM0722,SA0722,Lisa Conley,2.09,234.66
CM0723,SA0723,Lisa Nash,7.05,564.35
CM0724,SA0724,Scott Dougherty,6.68,1201.34
CM0725,SA0725,Joseph Long,3.18,833.89
CM0726,SA0726,Tracy Parker,2.17,305.65
CM0727,SA0727,Joshua Moses,3.52,519.82
CM0728,SA0728,Marie Wilson,2.02,570.13
CM0729,SA0729,Kathryn Young,3.65,772.05
CM0730,SA0730,William Greene,3.01,464.34
CM0731,SA0731,Dakota Flores,1.32,125.14
CM0732,SA0732,Ryan Thompson,9.91,886.86
CM0733,SA0733,Ethan Neal,6.49,1428.04
CM0734,SA0734,Thomas Clarke,7.36,378.83
CM0735,SA0735,Joanna Butler,3.96,543.79
CM0736,SA0736,Michelle Parker,8.04,1313.69
CM0737,SA0737,Benjamin Christensen,4.12,617.45
CM0738,SA0738,Rachel Torres,4.64,180.9
CM0739,SA0739,Jillian Kelly,7.09,1051.37
CM0740,SA0740,Brian Davis,6.39,203.88
CM0741,SA0741,Megan Morgan,2.04,174.81
CM0742,SA0742,Jody White,6.4,1344.69
CM0743,SA0743,Catherine Gallagher,6.22,1178.96
CM0744,SA0744,Corey Carson,3.65,600.54
CM0745,SA0745,Andre Clark,7.32,1604.97
CM0746,SA0746,Tyler Sutton,9.0,496.16
CM0747,SA0747,Matthew Lambert,8.28,308.22
CM0748,SA0748,Joanne Bright,9.8,1402.52
CM0749,SA0749,Kathryn Lopez,8.84,1689.29
CM0750,SA0750,Joshua Bauer,1.62,220.05
CM0751,SA0751,Rachel Elliott,4.81,1088.0
CM0752,SA0752,Matthew Webb,3.24,329.36
CM0753,SA0753,Kyle Bennett,5.03,38.35
CM0754,SA0754,Xavier Nelson,5.97,56.86
CM0755,SA0755,Maria Webb,2.28,695.29
CM0756,SA0756,Dr. Deborah Richardson,1.64,125.4
CM0757,SA0757,Carlos Davis,5.26,1625.46
CM0758,SA0758,Jeremy Johnson,2.95,30.71
CM0759,SA0759,Brooke Green,4.52,188.36
CM0760,SA0760,Noah Lopez,9.61,2524.49
CM0761,SA0761,Andrew Jackson,9.51,1490.2
CM0762,SA0762,Michelle Butler,1.64,136.12
CM0763,SA0763,Trevor Kerr,2.55,188.05
CM0764,SA0764,Shannon Hill,7.04,2189.61
CM0765,SA0765,Molly Armstrong,5.46,560.1
CM0766,SA0766,Kendra Hernandez,7.95,1088.59
CM0767,SA0767,Catherine Gregory,3.58,283.71
CM0768,SA0768,Steven Bowman,4.54,380.18
CM0769,SA0769,Suzanne Rodriguez,9.93,205.05
CM0770,SA0770,Henry Ford,3.55,133.16
CM0771,SA0771,Zachary Watts,4.55,108.8
CM0772,SA0772,Cory Hunt,2.59,539.14
CM0773,SA0773,Brandon Flores,3.36,717.54
CM0774,SA0774,Charles Yates,9.57,2107.09
CM0775,SA0775,Michael Ortiz,2.98,767.72
CM0776,SA0776,Cody White,4.31,1011.99
CM0777,SA0777,Samuel Anthony,4.73,29.0
CM0778,SA0778,Rachael Barton,7.01,53.7
CM0779,SA0779,Jade Dunn,6.9,77.15
CM0780,SA0780,Patrick Morrison,8.17,1394.99
CM0781,SA0781,Alison Smith,2.42,424.45
CM0782,SA0782,Joseph Henson,9.95,766.47
CM0783,SA0783,Angela Ferguson,5.86,414.32
CM0784,SA0784,Anthony Kim,9.27,166.2
CM0785,SA0785,Grace Davila,6.29,402.75
CM0786,SA0786,Sharon Cruz,2.28,195.25
CM0787,SA0787,Stephanie Foster,1.75,163.92
CM0788,SA0788,Mary Stewart,1.86,56.17
CM0789,SA0789,Julie Ross,8.03,1911.96
CM0790,SA0790,Jack Kennedy,2.49,113.41
CM0791,SA0791,Megan Daniel,5.38,414.45
CM0792,SA0792,Paul Tucker,4.87,75.99
CM0793,SA0793,Karen Mccoy,1.86,84.34
CM0794,SA0794,Tracy Morrison,5.11,476.58
CM0795,SA0795,Benjamin Jones,5.53,919.87
CM0796,SA0796,Kellie Bass,9.7,882.89
CM0797,SA0797,Yvonne Moore,5.18,1326.07
CM0798,SA0798,David Ortiz,7.54,1751.93
CM0799,SA0799,Andrea Pena,3.64,930.06
CM0800,SA0800,Dustin Cox,9.21,870.46
CM0801,SA0801,Randy Johnson,8.56,456.65
CM0802,SA0802,Sandra Peterson,9.05,2808.44
CM0803,SA0803,Edward Gonzalez,8.79,182.7
CM0804,SA0804,Richard Mathews,1.84,218.03
CM0805,SA0805,Rachel Martin,7.46,301.57
CM0806,SA0806,Becky Reynolds,8.63,1131.68
CM0807,SA0807,Rachel Wang,4.89,42.4
CM0808,SA0808,Robert Sharp,4.17,487.52
CM0809,SA0809,Stephanie Simmons,6.22,2093.76
CM0810,SA0810,Michael Lee,6.48,884.39
CM0811,SA0811,Victoria Acosta,1.83,373.13
CM0812,SA0812,Kristy Bryant,6.45,1698.7
CM0813,SA0813,Jeffrey Soto,9.8,1193.49
CM0814,SA0814,Jessica Dickerson,5.88,1415.77
CM0815,SA0815,Stacey Ashley,8.04,1602.77
CM0816,SA0816,Richard Mclaughlin,1.74,420.23
CM0817,SA0817,Melanie Bowen,8.45,1435.16
CM0818,SA0818,Bradley Cobb,5.91,506.25
CM0819,SA0819,James Miller,6.39,664.39
CM0820,SA0820,Lance Marsh,1.47,104.41
CM0821,SA0821,Alexis Brown,6.28,479.03
CM0822,SA0822,Dwayne Dixon,6.61,1106.44
CM0823,SA0823,Crystal Diaz,1.96,202.24
CM0824,SA0824,Cody Weaver,9.81,579.37
CM0825,SA0825,Michelle Davis,6.67,357.17
CM0826,SA0826,Susan Young,6.43,1249.4
CM0827,SA0827,Misty Jenkins,9.87,450.74
CM0828,SA0828,Robin Lowery,3.61,298.75
CM0829,SA0829,Victoria Haynes,3.36,204.26
CM0830,SA0830,James Sharp,9.82,946.64
CM0831,SA0831,Amanda George MD,7.71,435.25
CM0832,SA0832,Garrett Meyer,8.59,973.57
CM0833,SA0833,Leonard Spence,4.7,602.4
CM0834,SA0834,Richard Jackson,8.13,605.36
CM0835,SA0835,Ryan Crane,5.48,1477.12
CM0836,SA0836,Joshua Wall,4.63,447.98
CM0837,SA0837,Caitlin Jennings,7.03,642.48
CM0838,SA0838,Jeff Mcdaniel,8.62,625.54
CM0839,SA0839,Sara Zavala,9.51,543.31
CM0840,SA0840,Brandon Warren,8.77,1846.13
CM0841,SA0841,Mr. Andrew Campbell MD,9.1,1315.52
CM0842,SA0842,Craig Farmer,3.51,274.2
CM0843,SA0843,Rachel Brown,3.96,569.16
CM0844,SA0844,Julie Carlson,6.22,409.21
CM0845,SA0845,Todd Smith,9.05,1425.7
CM0846,SA0846,Whitney Bowman,2.85,319.25
CM0847,SA0847,Albert Simmons,7.23,1123.37
CM0848,SA0848,Lisa Morrison,8.23,469.28
CM0849,SA0849,Jennifer Moore,3.46,1125.53
CM0850,SA0850,Casey Diaz,1.39,114.24
CM0851,SA0851,Debra Henry,4.82,1022.45
CM0852,SA0852,Michael Taylor,6.92,883.15
CM0853,SA0853,Jesse Morgan,2.74,170.26
CM0854,SA0854,Elizabeth Fowler,9.22,379.78
CM0855,SA0855,Anthony Taylor,4.75,200.69
CM0856,SA0856,Jennifer French,7.17,1261.0
CM0857,SA0857,Kelly Taylor,5.89,976.55
CM0858,SA0858,Grant Ponce,8.27,155.63
CM0859,SA0859,Lance Lewis,7.99,1733.76
CM0860,SA0860,Michelle Russell,1.52,132.18
CM0861,SA0861,Jessica Reynolds,2.73,281.36
CM0862,SA0862,Juan Kaiser,3.29,43.97
CM0863,SA0863,Mrs. Kayla Combs,2.92,291.35
CM0864,SA0864,William King,9.34,1698.56
CM0865,SA0865,Caitlin Lewis,4.45,588.23
CM0866,SA0866,Joel Wright,6.26,1036.98
CM0867,SA0867,Emily Henry,1.8,313.75
CM0868,SA0868,Daniel Keller,6.71,60.63
CM0869,SA0869,Ashley Hood,6.75,705.45
CM0870,SA0870,Jonathan Ramirez,3.6,375.93
CM0871,SA0871,Brandon Russell,8.86,1397.68
CM0872,SA0872,Joyce Garner,8.15,1130.39
CM0873,SA0873,Natalie Jackson,9.5,2250.46
CM0874,SA0874,Phillip Wiggins,8.93,1264.34
CM0875,SA0875,Jonathon Palmer,1.53,452.19
CM0876,SA0876,Joseph Smith,5.96,966.75
CM0877,SA0877,Corey Green,7.2,2223.22
CM0878,SA0878,Gregory Nguyen,6.89,271.8
CM0879,SA0879,Melissa Johnson,9.92,1019.46
CM0880,SA0880,Ronald Fisher,6.1,1241.15
CM0881,SA0881,James Bruce,7.59,617.66
CM0882,SA0882,Vincent Mckinney,7.15,1056.33
CM0883,SA0883,Robert Norman,1.71,42.88
CM0884,SA0884,James Cook,7.83,392.02
CM0885,SA0885,Dr. Charles Smith,5.24,896.57
CM0886,SA0886,Patricia Holmes,1.39,36.82
CM0887,SA0887,Stephen Pearson,5.6,702.55
CM0888,SA0888,Theresa Thompson,9.72,2012.04
CM0889,SA0889,Crystal Perez,5.14,796.36
CM0890,SA0890,John Le,1.02,93.7
CM0891,SA0891,Brian Garcia,1.21,183.46
CM0892,SA0892,Russell Pearson,3.63,556.76
CM0893,SA0893,Paul Thompson,2.25,101.12
CM0894,SA0894,Michele Gonzalez,2.76,102.23
CM0895,SA0895,Kathy Hernandez,6.23,793.7
CM0896,SA0896,Michael Miller,6.83,889.94
CM0897,SA0897,Barbara Nelson,7.87,124.84
CM0898,SA0898,Robert Myers,9.3,1047.08
CM0899,SA0899,Robert Gray,3.26,340.25
CM0900,SA0900,Cheryl Torres,2.67,374.44
CM0901,SA0901,Monique Swanson,6.09,1559.84
CM0902,SA0902,Wesley King,3.08,816.71
CM0903,SA0903,Joseph Smith,7.33,1157.7
CM0904,SA0904,Gregory Eaton,9.68,1616.27
CM0905,SA0905,Kristen Williams,4.5,898.09
CM0906,SA0906,William Yu,5.06,194.69
CM0907,SA0907,Alyssa Morris,9.32,2053.55
CM0908,SA0908,Shannon Johnson,4.7,384.43
CM0909,SA0909,Christopher Cook,6.29,1352.42
CM0910,SA0910,Zachary Jenkins,2.77,58.41
CM0911,SA0911,Stephen Davis,8.25,359.21
CM0912,SA0912,Danielle Smith,9.05,1053.8
CM0913,SA0913,Kathleen Haas,8.41,764.27
CM0914,SA0914,Rhonda Potts,1.49,436.37
CM0915,SA0915,Jimmy Camacho,2.56,238.13
CM0916,SA0916,Joseph Ellis,9.53,787.42
CM0917,SA0917,Ross Weeks,3.13,93.97
CM0918,SA0918,Donald Woods,6.61,348.13
CM0919,SA0919,Derek Webster,6.95,1694.83
CM0920,SA0920,James Ramirez,4.02,616.43
CM0921,SA0921,Brandi Lopez,1.03,61.23
CM0922,SA0922,Ashley Ryan,2.5,77.46
CM0923,SA0923,Mark Richardson,6.46,417.89
CM0924,SA0924,Samantha Houston,6.38,749.09
CM0925,SA0925,John Holder,8.88,1316.8
CM0926,SA0926,Julie Gomez,6.37,15.2
CM0927,SA0927,Anthony Golden,8.04,1430.77
CM0928,SA0928,Jeffrey Porter,8.38,409.75
CM0929,SA0929,Natalie Garcia,8.16,298.25
CM0930,SA0930,Joshua Flores,9.75,413.58
CM0931,SA0931,Amanda Rose DDS,4.36,297.13
CM0932,SA0932,Christopher Brady,2.26,435.38
CM0933,SA0933,Candace Booker,5.6,447.06
CM0934,SA0934,Justin Hall,4.95,1432.81
CM0935,SA0935,Abigail Cortez,2.84,137.26
CM0936,SA0936,Andrea Duarte,5.46,541.58
CM0937,SA0937,James Yang,9.71,553.56
CM0938,SA0938,Kyle Nguyen,5.07,753.54
CM0939,SA0939,Thomas Young,7.18,680.27
CM0940,SA0940,Alicia Houston,5.98,1284.55
CM0941,SA0941,William Munoz,5.53,1462.6
CM0942,SA0942,Tammy Ingram,7.59,1051.74
CM0943,SA0943,Haley Wright,5.95,22.1
CM0944,SA0944,Kimberly Lopez,3.99,700.13
CM0945,SA0945,Sandra Callahan,6.9,1393.6
CM0946,SA0946,Kevin Robertson,2.66,45.32
CM0947,SA0947,Marissa Sullivan,9.67,708.93
CM0948,SA0948,Stacey Black,3.3,166.83
CM0949,SA0949,Jacqueline Burton,4.19,1094.33
CM0950,SA0950,Nicole Boyle,4.33,165.19
CM0951,SA0951,Mary Anderson,5.01,298.7
CM0952,SA0952,Tina Medina,1.79,198.7
CM0953,SA0953,Alexandria Davis,4.92,443.25
CM0954,SA0954,Alyssa Adams,6.86,1203.37
CM0955,SA0955,Sarah Myers,6.85,927.56
CM0956,SA0956,Melissa Oconnell,7.62,1913.18
CM0957,SA0957,Alexander Bradford,3.0,122.62
CM0958,SA0958,Alfred Baker,8.72,1222.05
CM0959,SA0959,Brianna Schneider,2.68,431.82
CM0960,SA0960,Krystal Johnson,9.35,239.78
CM0961,SA0961,Amy Willis,3.57,685.17
CM0962,SA0962,Victoria Abbott,8.62,806.22
CM0963,SA0963,Anthony Thompson,8.63,1036.74
CM0964,SA0964,David Martinez,7.09,833.84
CM0965,SA0965,Donald Finley,5.68,991.52
CM0966,SA0966,Jillian Willis,1.28,89.2
CM0967,SA0967,Carol Williams,9.72,322.99
CM0968,SA0968,Mr. James Williams,1.59,320.92
CM0969,SA0969,Alexis Benson,6.7,102.02
CM0970,SA0970,Jennifer Davis,7.45,487.8
CM0971,SA0971,Gloria Sanchez,8.44,1949.55
CM0972,SA0972,Scott Mcintyre,8.3,1131.74
CM0973,SA0973,Peter Jones,3.95,147.38
CM0974,SA0974,Dustin Morton,1.42,107.96
CM0975,SA0975,Damon Estrada,4.45,54.94
CM0976,SA0976,Michele Rodriguez,8.52,1061.19
CM0977,SA0977,Bonnie Ramos,9.62,578.8
CM0978,SA0978,Laura Wilcox,5.8,254.72
CM0979,SA0979,Michael Fowler,1.39,127.87
CM0980,SA0980,Michael Choi,8.35,1381.14
CM0981,SA0981,Susan Green,2.94,26.11
CM0982,SA0982,Chad Stein,3.67,540.05
CM0983,SA0983,Robert Cummings,8.81,74.13
CM0984,SA0984,Matthew Hudson,6.79,1630.4
CM0985,SA0985,Pamela Richardson,5.07,143.38
CM0986,SA0986,Keith Jones,3.23,167.29
CM0987,SA0987,Mrs. Lisa Wiley,3.8,1204.9
CM0988,SA0988,Erica Carr,9.66,889.53
CM0989,SA0989,Brittany Smith,4.9,278.65
CM0990,SA0990,Donna Patterson,9.6,1245.9
CM0991,SA0991,Ryan Townsend MD,1.43,257.18
CM0992,SA0992,Shari Montgomery,6.69,837.27
CM0993,SA0993,Randall Johnson,9.08,280.6
CM0994,SA0994,Bobby Adams,5.86,901.22
CM0995,SA0995,Todd Torres,6.24,750.6
CM0996,SA0996,Rebekah Mora,5.65,20.51
CM0997,SA0997,Yolanda Sanchez,2.36,273.6
CM0998,SA0998,Francisco Richards,6.84,1354.74
CM0999,SA0999,Michele Fritz,5.68,361.5
CM1000,SA1000,Kari Lewis,6.96,401.6
