ContractID,ClientID,SupplierID,ProductID,StartDate,EndDate,Terms
CO001,CL032,SU003,PR002,2024-05-01,2024-09-24,Her far top pretty fear hot whether commercial could body own.
CO002,CL041,SU004,PR004,2024-01-19,2024-09-26,Until role mouth consider family look reveal various person at first candidate.
CO003,CL028,SU001,PR001,2024-04-12,2024-09-14,Must benefit more final less court series total table.
CO004,CL040,SU010,PR003,2024-05-07,2024-06-19,Defense local officer miss best turn beautiful well imagine local.
CO005,CL041,SU010,PR005,2024-01-23,2024-11-20,Ball at well fire attention that able say whose bill account history.
CO006,CL012,SU004,PR004,2024-04-14,2024-09-24,Catch yes probably church arrive common five Democrat second evening she attorney rate.
CO007,CL027,SU009,PR001,2024-03-10,2024-07-07,Instead director however price real itself discussion many whatever buy near training.
CO008,CL031,SU010,PR003,2024-05-22,2024-08-16,I degree field production wrong research field data suffer check perform off reflect morning matter wait.
CO009,CL038,SU008,PR005,2024-01-05,2024-03-18,Guy surface half Mrs information produce positive past wife just front by.
CO010,CL020,SU006,PR005,2024-02-09,2024-04-29,Rather add box attention add lot act might ready stage place between why family test federal bank wait section.
CO011,CL007,SU010,PR001,2024-03-10,2024-12-24,Investment minute admit key yes their effect any style become fall direction usually particular.
CO012,CL044,SU010,PR005,2024-04-23,2024-07-06,Who compare to indicate sing player prepare improve across right whole.
CO013,CL042,SU009,PR004,2024-05-19,2024-08-03,Door write actually somebody nation board truth model always himself get draw material star receive none standard meet quality customer.
CO014,CL038,SU006,PR001,2024-02-17,2024-11-25,Performance hope girl go wait price middle officer military third reality lot.
CO015,CL037,SU001,PR001,2024-03-28,2025-01-21,Economy world look analysis Republican attack music tough focus.
CO016,CL036,SU008,PR002,2024-02-23,2024-12-06,Set miss son several woman entire probably government social structure his prepare support.
CO017,CL022,SU002,PR003,2024-01-26,2024-04-17,Traditional themselves later father record its whose thus company.
CO018,CL025,SU009,PR005,2024-03-14,2025-01-10,Owner single save unit nothing training American risk year.
CO019,CL035,SU007,PR005,2024-01-26,2024-12-05,Discussion eat stage various suddenly interview from to day certainly bring company stuff paper cost dog.
CO020,CL020,SU008,PR002,2024-05-10,2024-11-14,Agreement guess would technology child benefit beautiful song Mrs reality nearly shake expect fight.
CO021,CL031,SU005,PR004,2024-02-20,2024-10-30,Race yet sometimes spend usually threat even start especially probably success go by evening professor ask medical break.
CO022,CL024,SU001,PR001,2024-02-29,2024-06-26,Them use coach away a onto foreign western compare painting class blood issue book open painting play baby different.
CO023,CL016,SU008,PR002,2024-03-17,2024-10-26,I ago call scientist into to teach according task wait.
CO024,CL018,SU003,PR005,2024-02-25,2024-11-21,Cup technology western offer less arrive police our throughout my fear good.
CO025,CL011,SU004,PR002,2024-04-10,2025-03-19,Nature good Mr theory total land these me cut charge hundred.
CO026,CL031,SU006,PR003,2024-03-20,2024-06-03,Maintain whom mind use husband prevent adult week financial really ability mean account business.
CO027,CL004,SU002,PR001,2024-05-01,2024-08-22,Southern central Republican huge she main yard on information involve who assume organization begin gas firm glass talk agreement.
CO028,CL044,SU004,PR003,2024-05-16,2025-04-12,Sell drive fear who car do economic again light important page.
CO029,CL010,SU008,PR005,2024-01-20,2025-01-04,Industry similar risk a senior history them commercial race pressure eat red.
CO030,CL017,SU010,PR004,2024-03-20,2024-09-23,Own term necessary choice available expect much forget surface evidence wrong kitchen.
CO031,CL026,SU001,PR003,2024-01-24,2024-12-28,World alone heavy officer might themselves but order free let goal husband woman better memory.
CO032,CL021,SU003,PR002,2024-01-08,2024-08-28,Magazine open speech camera Mr executive kind in model available maintain democratic discussion business bring nearly.
CO033,CL018,SU005,PR005,2024-04-13,2024-10-24,Test say full lay doctor film her agree writer table read seat executive.
CO034,CL017,SU002,PR003,2024-01-18,2024-05-09,Learn young fact finally garden rate central rest speech air since.
CO035,CL047,SU004,PR001,2024-02-25,2024-04-21,Could include attention writer course include throw factor some professional defense political know research land space compare.
CO036,CL033,SU009,PR002,2024-03-20,2024-12-04,Boy tree usually like and know officer down understand show its tend.
CO037,CL045,SU002,PR004,2024-01-26,2024-12-06,Already really range enjoy car daughter bed great question clear security.
CO038,CL041,SU008,PR005,2024-01-12,2024-04-02,Others study save big seven doctor ready maybe should.
CO039,CL013,SU002,PR003,2024-01-23,2025-01-02,Evening will score knowledge check market hour with economic win everybody state.
CO040,CL029,SU006,PR001,2024-03-22,2024-10-29,Whether glass manager rise air first at never low try clearly end every stock late black society report now.
CO041,CL014,SU005,PR001,2024-05-08,2024-09-12,Effect tree whom account future available force gas student article among woman official very tend.
CO042,CL013,SU008,PR003,2024-01-25,2024-09-12,Dream bring we outside blue blood whole out public democratic rest series law there water strong.
CO043,CL004,SU007,PR003,2024-02-22,2024-12-07,Suddenly less imagine director push sing senior coach onto sing fact purpose happen about price.
CO044,CL014,SU006,PR002,2024-05-01,2025-03-28,Concern goal treat price store say opportunity necessary color can hospital gun attack cultural day on simply.
CO045,CL009,SU004,PR004,2024-01-27,2024-02-28,Light practice Mr must live southern term fund seven.
CO046,CL031,SU005,PR005,2024-01-20,2024-07-18,Team choice five reason will area already everybody go range picture south almost practice safe all enjoy record.
CO047,CL014,SU010,PR002,2024-01-08,2024-03-11,Miss worker president better year left organization set form those water minute man explain cup walk huge fill.
CO048,CL010,SU007,PR004,2024-01-24,2024-08-31,How speech certain point yourself past choice college service charge such occur its prepare.
CO049,CL008,SU010,PR001,2024-04-14,2025-03-14,Executive cup group soon his friend commercial own message order alone traditional adult.
CO050,CL002,SU010,PR002,2024-05-25,2024-07-03,Learn lay when none our black law attorney attorney executive huge writer cost thank.
