LocationID,Name,Address,City,PostalCode
LO001,North Kelly Depot,"48023 Jamie Neck Suite 129
New Ronnie, CA 68294",Hartmanside,70535
LO002,West Sandraview Depot,"59413 Frank Flats Apt. 188
Mcguirefurt, AZ 52372",East Carolshire,85241
LO003,Anthonyfurt Depot,"31947 Raven View
North Heatherbury, ND 72209",Lake Tiffany,30923
LO004,West David Depot,"USS Hernandez
FPO AE 11459",Catherineton,11817
LO005,Lake Bradleyland Depot,"32421 Krause Island
Rebeccaton, MN 99825",Jonesburgh,64766
LO006,Port Adam Depot,"8148 Smith Mills Apt. 321
Madelinetown, LA 04998",South Jennifermouth,53514
LO007,New Ashley Depot,"05231 Jacob Spring
West Amandafurt, TX 88561",East Gregorystad,25526
LO008,West Bethany Depot,"7467 Cummings Summit Suite 823
Rogersland, NJ 14326",Millerport,87681
LO009,Padillaland Depot,"Unit 4874 Box 7421
DPO AA 75944",South Marytown,90716
LO010,Gutierrezstad Depot,"9202 Travis Brooks
North Josephburgh, DC 70654",Williamschester,35423
LO011,East Jennifer Depot,"76689 Chad Points
Pattersontown, DE 25470",New Matthew,58376
LO012,Rowlandburgh Depot,"82089 Hale Mall Suite 586
Carrtown, WV 29329",Goodwinshire,10547
LO013,South Meghan Depot,"1980 Collier Shore Apt. 639
Jeremyview, SD 16397",New Michaelaland,91441
LO014,West Christineshire Depot,"5282 Francis Cape Suite 049
Wardstad, MI 54118",Johnsonborough,23132
LO015,Port Jennifer Depot,"674 Anderson Cliff Apt. 500
North Douglasbury, AR 38246",East Michaelshire,82257
LO016,Webbview Depot,"USNS Nguyen
FPO AA 86948",Lauriefort,51030
LO017,Petermouth Depot,"232 Waters Knoll
Wintersside, NC 60002",New Matthewbury,92727
LO018,Lake Angela Depot,"447 Salas Lodge Apt. 503
Port Joseshire, NM 36166",Dustinshire,15275
LO019,Lindseymouth Depot,"158 David Islands Suite 227
North Gregory, KS 96615",East Joy,65857
LO020,New Joel Depot,"Unit 2697 Box 2319
DPO AE 84886",Jenniferchester,91354
LO021,Nolanfurt Depot,"95741 Nathan Route
South Melissa, NY 97085",South Bobbystad,87124
LO022,Gibsonmouth Depot,"2806 Paige Grove Suite 397
Maynardberg, NH 68385",Cowanburgh,10680
LO023,Raymondmouth Depot,"206 Beth Creek
West Ryanfurt, MS 07574",Patriciamouth,77802
LO024,North Meghanbury Depot,"012 Kyle Stravenue Suite 255
East Michael, IA 53947",Mcneilbury,65035
LO025,Murphyfurt Depot,"117 Powers Lodge
New Steve, MA 37331",Andersonchester,06443
LO026,Christopherchester Depot,"931 Estes Street Apt. 938
Malloryport, HI 19373",West Kellyfort,31941
LO027,Brownside Depot,"546 Schwartz Way
Stuarttown, NC 22317",Port Brittany,34950
LO028,East Amandaport Depot,"4883 Lee Crossroad
Smithhaven, WI 33656",North Josephton,72313
LO029,Gomezstad Depot,"516 Brittany Junctions Apt. 037
East Chadfurt, OR 81754",Craigfurt,56049
LO030,South Austin Depot,"16272 Wallace Street
Cantrellchester, AL 02747",Craigport,17231
LO031,Lake Valerieshire Depot,"296 Latoya Neck Suite 249
Lake Cherylmouth, WV 81686",North Andrea,17558
LO032,North Theodore Depot,"PSC 0058, Box 3270
APO AA 54113",Lake Brucebury,84058
LO033,Barnesmouth Depot,"77961 Michelle Ridge Suite 892
Nguyenstad, GA 46230",East Karen,57363
LO034,Jamesbury Depot,"50124 Deanna Stravenue Suite 358
Heatherberg, TX 69222",South Joshua,63438
LO035,Lake Craig Depot,"810 Jessica Track Suite 666
Garciamouth, FL 96686",North Bobbyside,45829
LO036,South Shannon Depot,"79211 Williams Inlet Apt. 075
Port Dawnmouth, CO 66076",West Crystal,89247
LO037,Port Chadstad Depot,"86701 Lee Divide Suite 851
New Spencer, AZ 99710",Audreyville,98501
LO038,Amberland Depot,"USNV Marquez
FPO AA 09684",Sloanborough,50254
LO039,East Carolchester Depot,"26341 Joshua Union Apt. 526
Lake Paulland, VT 83540",West Seanshire,43090
LO040,Lake Annborough Depot,"PSC 3565, Box 3703
APO AE 67558",Jeremybury,83194
LO041,Juliamouth Depot,"0842 Lee Rest
Wendyview, OR 71398",Emmatown,65292
LO042,South Jennifermouth Depot,"620 Charles Ville
Penningtonmouth, NC 38441",Angelaland,72473
LO043,Laraville Depot,"9881 Williams Mountains
Natalieton, MT 28293",Tiffanyburgh,26037
LO044,Luceromouth Depot,"22224 Jonathan Viaduct Apt. 667
Smithburgh, NY 40809",Port Paulchester,43089
LO045,South Tiffanyville Depot,"304 Friedman Fall Suite 614
East Lance, OK 32828",Port Carla,69290
LO046,North Jenniferfurt Depot,"508 Stark Trail
Elizabethfort, GA 64987",Port James,76092
LO047,West Timothyview Depot,"1655 Gary Tunnel Suite 040
Hollyland, UT 15125",Port Ashley,76810
LO048,Gilbertville Depot,"00984 Alejandro Brooks Apt. 944
New Brandi, KS 46498",Lake Edwardport,15073
LO049,New Gabrielle Depot,"PSC 7094, Box 7976
APO AE 66982",Davisberg,73638
LO050,Maddenchester Depot,"79498 Lacey Wells
Marshallport, AK 67022",Lake Alison,31356
LO051,Jacksonstad Depot,"581 Patrick Crest Suite 258
South Richardville, CA 01225",North Cory,47782
LO052,South Keithland Depot,"456 Jaclyn Prairie Apt. 781
Port Dustin, CO 08958",Nguyenberg,28598
LO053,Abigailbury Depot,"2971 Burns Plaza Suite 606
East Steve, TX 45683",West Rebeccaland,24951
LO054,Lake Jacqueline Depot,"462 Emily Greens Apt. 568
Randolphburgh, FL 71729",Paulfort,65226
LO055,Wallerhaven Depot,"45078 Robert Canyon
Brittneybury, WV 87514",West Gregory,51435
LO056,New Michaelside Depot,"92901 Sarah Avenue
West Ryan, ME 58131",Johnsonhaven,63607
LO057,Danielchester Depot,"3531 Anthony Ridge Suite 670
North Mark, MN 79678",Gonzalezchester,83694
LO058,Hunterfurt Depot,"PSC 4392, Box 1093
APO AE 78122",Lake Latoya,15017
LO059,West Laurie Depot,"1669 Wendy Point
North Dylanborough, MI 34457",South Heatherstad,69304
LO060,Townsendland Depot,"782 Anna Village
North Jesseview, AZ 77831",Vasquezton,41661
LO061,South Travisbury Depot,"05345 Singleton Springs
New Pamelaville, LA 46804",Reevesside,81652
LO062,Markland Depot,"77096 Mark Extension Suite 705
Port Jenniferside, AZ 13768",Brianmouth,80032
LO063,Shepherdfurt Depot,"78054 Christopher Stream
West Nicole, RI 20569",West Jamesmouth,42768
LO064,South Katherineburgh Depot,"Unit 8565 Box 3068
DPO AA 10441",Robersonbury,57267
LO065,North Sarahfurt Depot,"00440 Julie Rapids
Sherrifurt, OK 11634",East Paul,31685
LO066,East Ariana Depot,"9168 Caldwell Brook
Angelaland, NC 11285",Port Williammouth,08842
LO067,Morrisland Depot,"212 Schneider Orchard
Port Jillian, HI 36430",Brendaport,62966
LO068,Mitchellberg Depot,"452 Fisher Hill
Reneeland, AR 55948",West Dustin,26604
LO069,South Andreafort Depot,"3564 Miller Common
Carlmouth, AL 67796",Port Lindseyville,65226
LO070,South Erinton Depot,"352 James Rapid Suite 065
Davidville, MT 80234",Deborahport,55965
LO071,North Emilyberg Depot,"013 James Trail
South Jessica, SD 64726",Melendezberg,78017
LO072,Candicechester Depot,"4810 Brown Prairie Apt. 722
West David, AK 88789",Brianfort,72313
LO073,Port Michael Depot,"3595 Alvarado Underpass Apt. 531
Lake Tiffany, HI 58431",South Nathan,18656
LO074,Brooksmouth Depot,"07951 Michele Squares Apt. 084
Hillview, CA 84364",Ericton,37984
LO075,Shaffermouth Depot,"0448 Robert Mall Suite 814
Michaelville, CO 65420",Orozcofurt,10963
LO076,New Tiffany Depot,"108 Hoover Mill
Port Mark, NJ 24416",East Meganmouth,69795
LO077,Lake Michealfurt Depot,"Unit 7578 Box 6504
DPO AE 87446",Lake Joshua,45063
LO078,Kelliemouth Depot,"620 Christopher Field
Byrdmouth, AZ 53372",Veronicaburgh,45611
LO079,East Michael Depot,"44954 Ayers Points Suite 609
Anthonyland, IA 17907",Lake Daniel,54580
LO080,Ramosshire Depot,"03353 Jared Causeway
Youngview, GA 03699",Lake Mitchell,06628
LO081,Danielberg Depot,"327 Katrina Cliff
South Virginia, NY 47651",New Kimberlymouth,74915
LO082,Kingberg Depot,"3643 Tracy Springs
Denisemouth, HI 85622",North Coreymouth,10893
LO083,Deniseville Depot,"5144 Stephanie Skyway
Port Timothymouth, LA 45628",Blakeport,32670
LO084,East Samuelberg Depot,"Unit 9135 Box 5850
DPO AA 03260",Holdenshire,61223
LO085,Port Elizabeth Depot,"8525 Wilson Rest
South Anthonyport, MI 14709",West Jenniferport,73771
LO086,Villahaven Depot,"542 Harris Highway
Saraborough, DE 19234",Port Ashleyville,56854
LO087,Port Joseph Depot,"225 Bennett Island Apt. 171
Thomasbury, WY 05387",Port Juliehaven,34799
LO088,Prattchester Depot,"1184 Flynn Terrace
Sanchezchester, CA 25886",Roweville,77438
LO089,Robertsonchester Depot,"9317 Donald Vista
Graybury, VT 82169",Wrighthaven,95938
LO090,New Roger Depot,"258 Allen Island Apt. 055
Singletonland, WV 39106",Brittanyview,72506
LO091,North Kathleen Depot,"8134 Rios Ridges Apt. 429
Coltonburgh, RI 77610",Williamberg,67309
LO092,North Sonia Depot,"038 Flores Vista
Romerobury, IN 66192",Brittanychester,86462
LO093,Pooleborough Depot,"9595 Henry Fall Apt. 904
Port Judy, OR 62555",Port Daniel,57756
LO094,Cindyton Depot,"865 Amber Loop
Wesleyborough, KS 99589",North Rebeccaland,10945
LO095,Longport Depot,"95339 Johnson Crescent Suite 167
Maxwellchester, OK 45986",Mathischester,83960
LO096,New Adamland Depot,"7296 Michael Mews Suite 267
Port Stephaniemouth, CA 65915",South Gabrielle,35397
LO097,Port Kimberlyville Depot,"9428 Michael Haven Suite 370
Lake Michaelberg, AR 64870",Angelaborough,89086
LO098,Tamaraberg Depot,"97234 Lisa Spur
Port Peter, OH 22659",West Jeffreymouth,01389
LO099,Pamelashire Depot,"8796 White Route Apt. 393
South Kylefurt, NJ 69733",Lake Isabel,71376
LO100,Port Eric Depot,"652 Wright Harbors
East Teresafort, SD 63688",East Justintown,24180
