OrderID,ClientID,ProductID,LocationID,Quantity,OrderDate,Status
OR0001,CL020,PR002,LO010,6338.56,2024-01-22,Fulfilled
OR0002,CL019,PR003,LO028,3214.13,2024-01-31,Pending
OR0003,CL050,PR002,LO096,1366.36,2024-01-02,Pending
OR0004,CL039,PR004,LO013,9353.42,2024-01-29,Fulfilled
OR0005,CL024,PR001,LO049,1396.6,2024-01-20,Pending
OR0006,CL045,PR001,LO010,7074.74,2024-01-20,Pending
OR0007,CL026,PR005,LO022,1888.57,2024-01-11,Fulfilled
OR0008,CL020,PR005,LO010,6730.4,2024-01-22,Pending
OR0009,CL015,PR004,LO088,5426.66,2024-01-09,Pending
OR0010,CL008,PR003,LO095,2595.49,2024-01-31,Pending
OR0011,CL027,PR002,LO043,7042.4,2024-01-03,Pending
OR0012,CL028,PR005,LO009,281.52,2024-01-12,Fulfilled
OR0013,CL011,PR001,LO007,3601.08,2024-01-29,Fulfilled
OR0014,CL004,PR005,LO093,6393.46,2024-01-04,Pending
OR0015,CL027,PR002,LO008,3388.19,2024-01-28,Pending
OR0016,CL038,PR004,LO077,7486.44,2024-01-12,Pending
OR0017,CL044,PR001,LO046,985.36,2024-01-29,Fulfilled
OR0018,CL012,PR002,LO029,4719.79,2024-01-19,Pending
OR0019,CL012,PR005,LO080,5441.81,2024-01-29,Pending
OR0020,CL043,PR005,LO077,9262.03,2024-01-18,Fulfilled
OR0021,CL038,PR002,LO065,4976.89,2024-01-10,Fulfilled
OR0022,CL018,PR005,LO064,3095.36,2024-01-24,Pending
OR0023,CL050,PR005,LO040,1776.57,2024-01-17,Fulfilled
OR0024,CL022,PR001,LO077,9054.89,2024-01-23,Fulfilled
OR0025,CL009,PR001,LO030,4650.2,2024-01-27,Fulfilled
OR0026,CL029,PR001,LO021,3886.73,2024-01-03,Pending
OR0027,CL011,PR002,LO083,4379.71,2024-01-24,Pending
OR0028,CL026,PR005,LO044,3577.73,2024-01-24,Pending
OR0029,CL022,PR004,LO058,7083.64,2024-01-23,Pending
OR0030,CL027,PR003,LO080,8073.57,2024-01-21,Fulfilled
OR0031,CL035,PR005,LO020,5053.58,2024-01-05,Fulfilled
OR0032,CL002,PR005,LO083,5429.44,2024-01-16,Fulfilled
OR0033,CL046,PR001,LO071,5255.89,2024-01-07,Pending
OR0034,CL031,PR002,LO006,8344.9,2024-01-17,Fulfilled
OR0035,CL014,PR005,LO010,2577.14,2024-01-27,Pending
OR0036,CL024,PR005,LO093,543.43,2024-01-23,Pending
OR0037,CL011,PR005,LO061,3049.59,2024-01-24,Fulfilled
OR0038,CL015,PR002,LO057,1883.51,2024-01-15,Pending
OR0039,CL029,PR005,LO011,8707.38,2024-01-06,Fulfilled
OR0040,CL002,PR004,LO033,9543.32,2024-01-05,Pending
OR0041,CL016,PR002,LO068,9553.77,2024-01-24,Fulfilled
OR0042,CL018,PR004,LO048,3813.47,2024-01-23,Fulfilled
OR0043,CL046,PR001,LO015,8512.52,2024-01-01,Fulfilled
OR0044,CL035,PR005,LO036,9468.46,2024-01-11,Pending
OR0045,CL031,PR003,LO054,8024.67,2024-01-10,Fulfilled
OR0046,CL034,PR003,LO088,8835.01,2024-01-05,Fulfilled
OR0047,CL010,PR001,LO084,1919.64,2024-01-14,Fulfilled
OR0048,CL015,PR003,LO052,7785.83,2024-01-28,Fulfilled
OR0049,CL038,PR005,LO076,6120.05,2024-01-24,Pending
OR0050,CL027,PR002,LO087,959.24,2024-01-24,Pending
OR0051,CL048,PR003,LO096,6501.56,2024-01-08,Pending
OR0052,CL019,PR004,LO096,1800.88,2024-01-20,Fulfilled
OR0053,CL017,PR004,LO022,7780.02,2024-01-12,Fulfilled
OR0054,CL048,PR005,LO014,7161.66,2024-01-18,Pending
OR0055,CL038,PR003,LO076,7831.09,2024-01-29,Pending
OR0056,CL029,PR002,LO048,2688.81,2024-01-03,Fulfilled
OR0057,CL023,PR002,LO013,5002.69,2024-01-23,Fulfilled
OR0058,CL038,PR004,LO037,8576.22,2024-01-07,Fulfilled
OR0059,CL043,PR005,LO060,4105.1,2024-01-19,Pending
OR0060,CL012,PR002,LO079,7533.38,2024-01-04,Fulfilled
OR0061,CL030,PR004,LO049,6581.11,2024-01-23,Fulfilled
OR0062,CL008,PR004,LO025,9562.98,2024-01-09,Fulfilled
OR0063,CL019,PR004,LO004,3017.61,2024-01-23,Pending
OR0064,CL001,PR002,LO060,6806.41,2024-01-10,Pending
OR0065,CL016,PR002,LO082,4400.86,2024-01-19,Pending
OR0066,CL037,PR005,LO056,6679.91,2024-01-16,Pending
OR0067,CL004,PR004,LO021,393.67,2024-01-27,Fulfilled
OR0068,CL024,PR003,LO004,8568.11,2024-01-09,Fulfilled
OR0069,CL033,PR004,LO077,8113.74,2024-01-25,Fulfilled
OR0070,CL003,PR002,LO010,9895.96,2024-01-31,Pending
OR0071,CL013,PR002,LO003,8922.8,2024-01-27,Pending
OR0072,CL041,PR003,LO091,5109.65,2024-01-11,Fulfilled
OR0073,CL030,PR001,LO011,8419.66,2024-01-07,Fulfilled
OR0074,CL008,PR004,LO020,887.39,2024-01-28,Pending
OR0075,CL025,PR002,LO069,4336.98,2024-01-12,Fulfilled
OR0076,CL027,PR003,LO041,3259.93,2024-01-02,Fulfilled
OR0077,CL018,PR002,LO011,9523.82,2024-01-20,Pending
OR0078,CL049,PR001,LO096,5786.84,2024-01-01,Fulfilled
OR0079,CL040,PR005,LO088,2151.16,2024-01-31,Fulfilled
OR0080,CL016,PR003,LO060,7058.92,2024-01-09,Fulfilled
OR0081,CL006,PR001,LO055,4101.59,2024-01-28,Pending
OR0082,CL015,PR002,LO046,3827.95,2024-01-08,Pending
OR0083,CL014,PR004,LO055,9254.6,2024-01-02,Fulfilled
OR0084,CL011,PR005,LO077,9050.2,2024-01-21,Pending
OR0085,CL017,PR003,LO092,4332.79,2024-01-27,Fulfilled
OR0086,CL004,PR004,LO049,5139.5,2024-01-27,Pending
OR0087,CL018,PR003,LO090,2430.79,2024-01-16,Fulfilled
OR0088,CL041,PR004,LO025,2180.02,2024-01-22,Pending
OR0089,CL013,PR003,LO070,6301.44,2024-01-25,Pending
OR0090,CL022,PR004,LO051,7688.03,2024-01-25,Fulfilled
OR0091,CL016,PR005,LO020,9935.01,2024-01-04,Fulfilled
OR0092,CL035,PR004,LO088,4068.19,2024-01-28,Fulfilled
OR0093,CL020,PR002,LO026,2363.22,2024-01-13,Fulfilled
OR0094,CL019,PR004,LO011,3980.92,2024-01-26,Pending
OR0095,CL001,PR002,LO076,4587.74,2024-01-24,Pending
OR0096,CL042,PR005,LO046,2056.8,2024-01-17,Fulfilled
OR0097,CL041,PR001,LO068,2151.06,2024-01-21,Pending
OR0098,CL048,PR001,LO017,463.98,2024-01-06,Fulfilled
OR0099,CL030,PR003,LO076,6503.13,2024-01-28,Fulfilled
OR0100,CL007,PR003,LO013,1963.33,2024-01-27,Fulfilled
OR0101,CL005,PR004,LO013,9948.85,2024-01-27,Pending
OR0102,CL044,PR004,LO026,7511.96,2024-01-14,Pending
OR0103,CL024,PR003,LO036,2462.95,2024-01-22,Pending
OR0104,CL048,PR001,LO005,5328.11,2024-01-26,Fulfilled
OR0105,CL022,PR005,LO065,7626.93,2024-01-29,Pending
OR0106,CL009,PR003,LO075,9219.15,2024-01-22,Pending
OR0107,CL032,PR004,LO065,5340.97,2024-01-29,Pending
OR0108,CL027,PR003,LO019,5371.62,2024-01-22,Pending
OR0109,CL040,PR002,LO059,310.94,2024-01-24,Pending
OR0110,CL021,PR005,LO087,4227.16,2024-01-23,Fulfilled
OR0111,CL027,PR004,LO083,1585.36,2024-01-20,Fulfilled
OR0112,CL012,PR002,LO006,5984.61,2024-01-26,Pending
OR0113,CL034,PR002,LO055,889.41,2024-01-16,Fulfilled
OR0114,CL043,PR001,LO013,1325.5,2024-01-05,Fulfilled
OR0115,CL007,PR001,LO099,8811.0,2024-01-24,Pending
OR0116,CL013,PR004,LO075,6737.88,2024-01-09,Fulfilled
OR0117,CL039,PR002,LO001,7724.14,2024-01-28,Pending
OR0118,CL017,PR003,LO036,8339.01,2024-01-17,Fulfilled
OR0119,CL045,PR001,LO039,8364.68,2024-01-21,Fulfilled
OR0120,CL048,PR004,LO059,788.79,2024-01-01,Pending
OR0121,CL009,PR005,LO041,1557.51,2024-01-30,Fulfilled
OR0122,CL018,PR004,LO068,9397.14,2024-01-08,Fulfilled
OR0123,CL031,PR004,LO045,4157.25,2024-01-27,Pending
OR0124,CL023,PR005,LO006,5673.66,2024-01-03,Fulfilled
OR0125,CL028,PR004,LO060,1964.44,2024-01-15,Fulfilled
OR0126,CL040,PR003,LO052,5175.44,2024-01-13,Pending
OR0127,CL003,PR001,LO073,7832.31,2024-01-06,Pending
OR0128,CL027,PR004,LO046,1497.55,2024-01-02,Pending
OR0129,CL044,PR004,LO024,1739.93,2024-01-13,Fulfilled
OR0130,CL011,PR005,LO084,3861.36,2024-01-14,Pending
OR0131,CL002,PR004,LO039,9593.25,2024-01-26,Pending
OR0132,CL021,PR003,LO099,2145.61,2024-01-06,Fulfilled
OR0133,CL029,PR002,LO026,8379.99,2024-01-17,Pending
OR0134,CL010,PR005,LO008,6953.32,2024-01-04,Fulfilled
OR0135,CL048,PR003,LO058,3556.52,2024-01-28,Fulfilled
OR0136,CL004,PR002,LO042,9967.95,2024-01-25,Pending
OR0137,CL033,PR005,LO022,6003.74,2024-01-04,Fulfilled
OR0138,CL047,PR004,LO080,1472.44,2024-01-15,Pending
OR0139,CL029,PR001,LO064,8584.78,2024-01-26,Pending
OR0140,CL009,PR004,LO028,2985.09,2024-01-19,Fulfilled
OR0141,CL006,PR005,LO010,749.95,2024-01-07,Pending
OR0142,CL008,PR001,LO082,5763.0,2024-01-10,Pending
OR0143,CL038,PR005,LO027,4239.03,2024-01-14,Pending
OR0144,CL037,PR004,LO036,6696.78,2024-01-15,Pending
OR0145,CL010,PR001,LO047,5405.77,2024-01-28,Fulfilled
OR0146,CL014,PR002,LO014,8132.65,2024-01-18,Fulfilled
OR0147,CL010,PR004,LO055,4181.23,2024-01-23,Fulfilled
OR0148,CL003,PR002,LO039,5158.77,2024-01-06,Fulfilled
OR0149,CL050,PR001,LO067,6817.71,2024-01-19,Fulfilled
OR0150,CL017,PR003,LO005,9398.55,2024-01-23,Fulfilled
OR0151,CL014,PR003,LO100,6759.97,2024-01-17,Fulfilled
OR0152,CL027,PR003,LO085,8057.29,2024-01-13,Fulfilled
OR0153,CL037,PR002,LO097,2752.86,2024-01-21,Fulfilled
OR0154,CL028,PR003,LO097,8566.71,2024-01-05,Pending
OR0155,CL003,PR005,LO052,5295.86,2024-01-10,Fulfilled
OR0156,CL036,PR004,LO043,5491.41,2024-01-15,Fulfilled
OR0157,CL017,PR004,LO083,5276.97,2024-01-28,Pending
OR0158,CL016,PR004,LO056,6326.94,2024-01-17,Pending
OR0159,CL050,PR001,LO020,4603.22,2024-01-10,Fulfilled
OR0160,CL050,PR003,LO003,331.83,2024-01-15,Fulfilled
OR0161,CL001,PR002,LO062,5893.9,2024-01-28,Fulfilled
OR0162,CL032,PR005,LO088,6247.83,2024-01-11,Fulfilled
OR0163,CL046,PR005,LO017,7481.28,2024-01-25,Fulfilled
OR0164,CL022,PR005,LO004,4116.14,2024-01-25,Pending
OR0165,CL027,PR002,LO003,2836.17,2024-01-17,Fulfilled
OR0166,CL020,PR004,LO094,9191.08,2024-01-19,Pending
OR0167,CL034,PR001,LO044,9432.0,2024-01-14,Pending
OR0168,CL007,PR004,LO017,5035.15,2024-01-03,Pending
OR0169,CL022,PR001,LO073,5418.27,2024-01-25,Fulfilled
OR0170,CL042,PR003,LO009,8787.82,2024-01-09,Fulfilled
OR0171,CL010,PR005,LO007,827.77,2024-01-30,Pending
OR0172,CL020,PR002,LO001,9753.8,2024-01-05,Fulfilled
OR0173,CL015,PR001,LO095,1884.05,2024-01-17,Pending
OR0174,CL009,PR005,LO040,704.4,2024-01-09,Fulfilled
OR0175,CL010,PR002,LO059,6698.92,2024-01-04,Fulfilled
OR0176,CL046,PR003,LO022,8982.04,2024-01-30,Fulfilled
OR0177,CL036,PR002,LO008,8411.15,2024-01-11,Fulfilled
OR0178,CL043,PR001,LO088,808.21,2024-01-06,Fulfilled
OR0179,CL021,PR003,LO083,3204.65,2024-01-31,Fulfilled
OR0180,CL031,PR005,LO005,4500.65,2024-01-23,Pending
OR0181,CL037,PR002,LO082,6099.54,2024-01-04,Fulfilled
OR0182,CL048,PR004,LO020,8086.04,2024-01-27,Fulfilled
OR0183,CL016,PR002,LO014,1290.61,2024-01-02,Pending
OR0184,CL024,PR003,LO066,6831.45,2024-01-12,Fulfilled
OR0185,CL031,PR004,LO007,194.32,2024-01-05,Pending
OR0186,CL047,PR002,LO045,8560.26,2024-01-06,Fulfilled
OR0187,CL028,PR002,LO046,407.98,2024-01-17,Pending
OR0188,CL031,PR004,LO037,3519.17,2024-01-04,Pending
OR0189,CL049,PR002,LO093,4437.81,2024-01-16,Pending
OR0190,CL014,PR002,LO030,7121.22,2024-01-21,Pending
OR0191,CL026,PR002,LO098,9096.62,2024-01-20,Pending
OR0192,CL024,PR005,LO085,1025.32,2024-01-24,Pending
OR0193,CL048,PR001,LO007,4777.02,2024-01-02,Fulfilled
OR0194,CL016,PR003,LO076,5320.24,2024-01-22,Pending
OR0195,CL015,PR002,LO092,9416.38,2024-01-10,Fulfilled
OR0196,CL002,PR005,LO025,827.82,2024-01-15,Fulfilled
OR0197,CL001,PR002,LO028,4112.48,2024-01-06,Fulfilled
OR0198,CL046,PR001,LO046,3310.84,2024-01-06,Fulfilled
OR0199,CL045,PR003,LO081,4667.85,2024-01-06,Pending
OR0200,CL049,PR002,LO040,4634.27,2024-01-28,Pending
OR0201,CL027,PR003,LO095,5316.66,2024-01-21,Fulfilled
OR0202,CL033,PR002,LO007,3950.86,2024-01-23,Fulfilled
OR0203,CL044,PR004,LO020,9236.59,2024-01-09,Pending
OR0204,CL026,PR002,LO016,2705.86,2024-01-06,Pending
OR0205,CL030,PR001,LO098,3476.67,2024-01-29,Pending
OR0206,CL036,PR005,LO059,2420.57,2024-01-25,Fulfilled
OR0207,CL029,PR001,LO002,4845.37,2024-01-23,Pending
OR0208,CL013,PR005,LO092,2141.35,2024-01-20,Pending
OR0209,CL022,PR003,LO050,134.01,2024-01-01,Pending
OR0210,CL039,PR005,LO076,8733.5,2024-01-05,Pending
OR0211,CL025,PR002,LO070,9164.24,2024-01-27,Fulfilled
OR0212,CL018,PR002,LO054,6881.43,2024-01-01,Fulfilled
OR0213,CL013,PR005,LO027,1124.83,2024-01-04,Fulfilled
OR0214,CL040,PR004,LO036,9225.31,2024-01-31,Fulfilled
OR0215,CL001,PR004,LO009,2837.42,2024-01-10,Pending
OR0216,CL048,PR004,LO004,2132.94,2024-01-10,Fulfilled
OR0217,CL014,PR001,LO058,6298.26,2024-01-20,Pending
OR0218,CL030,PR003,LO008,6028.98,2024-01-27,Fulfilled
OR0219,CL006,PR002,LO089,9690.32,2024-01-12,Fulfilled
OR0220,CL012,PR005,LO013,596.13,2024-01-09,Fulfilled
OR0221,CL018,PR003,LO039,8923.62,2024-01-17,Fulfilled
OR0222,CL035,PR003,LO002,1305.05,2024-01-31,Pending
OR0223,CL040,PR003,LO077,4181.78,2024-01-01,Fulfilled
OR0224,CL044,PR004,LO002,8453.75,2024-01-16,Pending
OR0225,CL029,PR004,LO007,6642.47,2024-01-16,Fulfilled
OR0226,CL035,PR005,LO098,6902.06,2024-01-05,Fulfilled
OR0227,CL043,PR001,LO078,1351.89,2024-01-13,Fulfilled
OR0228,CL022,PR002,LO094,1568.21,2024-01-30,Fulfilled
OR0229,CL013,PR004,LO075,299.34,2024-01-20,Pending
OR0230,CL020,PR003,LO064,8259.09,2024-01-19,Pending
OR0231,CL005,PR004,LO027,6332.61,2024-01-11,Fulfilled
OR0232,CL048,PR002,LO071,8855.39,2024-01-14,Pending
OR0233,CL038,PR005,LO062,2362.29,2024-01-04,Fulfilled
OR0234,CL010,PR004,LO038,1498.59,2024-01-23,Pending
OR0235,CL033,PR005,LO037,3056.61,2024-01-18,Fulfilled
OR0236,CL049,PR005,LO071,4249.99,2024-01-01,Fulfilled
OR0237,CL049,PR004,LO030,9416.99,2024-01-08,Pending
OR0238,CL049,PR001,LO094,7452.81,2024-01-01,Pending
OR0239,CL039,PR005,LO057,7264.21,2024-01-07,Fulfilled
OR0240,CL027,PR002,LO093,344.87,2024-01-04,Fulfilled
OR0241,CL028,PR002,LO010,7633.21,2024-01-04,Fulfilled
OR0242,CL013,PR001,LO021,8582.0,2024-01-10,Pending
OR0243,CL046,PR003,LO032,2932.11,2024-01-04,Fulfilled
OR0244,CL014,PR002,LO076,6498.01,2024-01-12,Pending
OR0245,CL004,PR001,LO090,5628.03,2024-01-27,Pending
OR0246,CL037,PR001,LO060,8355.99,2024-01-13,Pending
OR0247,CL020,PR003,LO040,2138.94,2024-01-14,Pending
OR0248,CL040,PR002,LO061,9573.66,2024-01-19,Fulfilled
OR0249,CL034,PR005,LO073,7429.15,2024-01-19,Fulfilled
OR0250,CL038,PR004,LO026,1446.1,2024-01-11,Fulfilled
OR0251,CL006,PR004,LO057,8074.55,2024-01-28,Pending
OR0252,CL021,PR005,LO055,2471.92,2024-01-12,Pending
OR0253,CL042,PR003,LO049,3661.01,2024-01-15,Pending
OR0254,CL032,PR003,LO016,5649.16,2024-01-26,Pending
OR0255,CL042,PR003,LO009,4859.82,2024-01-10,Pending
OR0256,CL007,PR003,LO029,5296.81,2024-01-12,Fulfilled
OR0257,CL048,PR001,LO044,5947.25,2024-01-05,Pending
OR0258,CL012,PR005,LO082,4249.23,2024-01-08,Pending
OR0259,CL029,PR003,LO038,7085.4,2024-01-19,Pending
OR0260,CL026,PR001,LO046,7217.84,2024-01-19,Fulfilled
OR0261,CL037,PR001,LO045,9603.61,2024-01-21,Pending
OR0262,CL036,PR003,LO044,8363.47,2024-01-06,Fulfilled
OR0263,CL025,PR005,LO070,3518.27,2024-01-26,Fulfilled
OR0264,CL021,PR003,LO062,4667.27,2024-01-29,Fulfilled
OR0265,CL039,PR003,LO086,4748.94,2024-01-27,Pending
OR0266,CL033,PR001,LO035,9866.92,2024-01-24,Fulfilled
OR0267,CL002,PR001,LO076,2941.63,2024-01-27,Pending
OR0268,CL043,PR001,LO025,794.5,2024-01-10,Pending
OR0269,CL032,PR004,LO050,7839.12,2024-01-27,Pending
OR0270,CL036,PR001,LO079,3996.85,2024-01-22,Pending
OR0271,CL019,PR004,LO017,5635.09,2024-01-13,Pending
OR0272,CL011,PR005,LO098,134.88,2024-01-27,Fulfilled
OR0273,CL034,PR001,LO017,4998.0,2024-01-13,Fulfilled
OR0274,CL046,PR002,LO014,7688.72,2024-01-11,Fulfilled
OR0275,CL028,PR005,LO098,9184.17,2024-01-16,Pending
OR0276,CL050,PR004,LO090,919.6,2024-01-06,Fulfilled
OR0277,CL050,PR001,LO021,9974.38,2024-01-24,Pending
OR0278,CL040,PR004,LO034,3656.92,2024-01-19,Fulfilled
OR0279,CL017,PR005,LO007,9908.24,2024-01-12,Fulfilled
OR0280,CL047,PR004,LO013,4413.75,2024-01-25,Fulfilled
OR0281,CL028,PR001,LO055,7457.64,2024-01-26,Fulfilled
OR0282,CL007,PR003,LO029,1882.74,2024-01-11,Pending
OR0283,CL008,PR005,LO021,2991.47,2024-01-23,Fulfilled
OR0284,CL046,PR001,LO071,1319.38,2024-01-01,Pending
OR0285,CL042,PR002,LO098,5996.28,2024-01-31,Pending
OR0286,CL004,PR003,LO092,9803.64,2024-01-11,Fulfilled
OR0287,CL013,PR004,LO072,5528.28,2024-01-16,Fulfilled
OR0288,CL010,PR005,LO065,1409.03,2024-01-16,Fulfilled
OR0289,CL045,PR003,LO087,1706.82,2024-01-03,Fulfilled
OR0290,CL035,PR005,LO073,9764.47,2024-01-15,Fulfilled
OR0291,CL032,PR001,LO086,9017.76,2024-01-31,Fulfilled
OR0292,CL030,PR002,LO013,7448.61,2024-01-19,Fulfilled
OR0293,CL005,PR005,LO023,725.29,2024-01-11,Fulfilled
OR0294,CL011,PR003,LO047,5227.41,2024-01-02,Fulfilled
OR0295,CL036,PR002,LO018,6697.29,2024-01-23,Pending
OR0296,CL009,PR001,LO012,4098.09,2024-01-11,Fulfilled
OR0297,CL035,PR004,LO034,4626.08,2024-01-08,Pending
OR0298,CL019,PR003,LO007,1180.94,2024-01-20,Fulfilled
OR0299,CL014,PR003,LO054,9742.62,2024-01-21,Pending
OR0300,CL029,PR003,LO029,9479.16,2024-01-28,Pending
OR0301,CL026,PR003,LO093,2703.99,2024-01-26,Pending
OR0302,CL023,PR004,LO037,9216.54,2024-01-15,Fulfilled
OR0303,CL016,PR004,LO081,4371.44,2024-01-29,Pending
OR0304,CL027,PR001,LO083,7300.77,2024-01-20,Pending
OR0305,CL022,PR005,LO021,6733.58,2024-01-10,Pending
OR0306,CL038,PR003,LO014,6546.99,2024-01-07,Fulfilled
OR0307,CL019,PR001,LO019,3559.85,2024-01-29,Pending
OR0308,CL034,PR005,LO073,4230.54,2024-01-28,Fulfilled
OR0309,CL024,PR003,LO095,6865.08,2024-01-25,Pending
OR0310,CL006,PR003,LO009,9602.11,2024-01-30,Pending
OR0311,CL005,PR003,LO020,2653.19,2024-01-23,Fulfilled
OR0312,CL028,PR001,LO097,5312.19,2024-01-14,Pending
OR0313,CL012,PR003,LO084,2838.39,2024-01-18,Pending
OR0314,CL046,PR002,LO021,952.38,2024-01-16,Fulfilled
OR0315,CL005,PR002,LO009,9160.33,2024-01-13,Pending
OR0316,CL035,PR001,LO095,5848.84,2024-01-07,Pending
OR0317,CL043,PR001,LO098,9961.92,2024-01-16,Pending
OR0318,CL050,PR002,LO058,9996.27,2024-01-21,Pending
OR0319,CL045,PR003,LO003,9468.43,2024-01-26,Fulfilled
OR0320,CL022,PR001,LO082,6248.71,2024-01-25,Pending
OR0321,CL022,PR003,LO049,501.79,2024-01-30,Fulfilled
OR0322,CL022,PR002,LO095,4053.87,2024-01-31,Pending
OR0323,CL023,PR001,LO032,6248.42,2024-01-26,Fulfilled
OR0324,CL007,PR004,LO077,7395.76,2024-01-13,Pending
OR0325,CL035,PR003,LO074,1496.59,2024-01-16,Fulfilled
OR0326,CL021,PR003,LO019,5302.01,2024-01-27,Pending
OR0327,CL011,PR005,LO002,346.48,2024-01-03,Fulfilled
OR0328,CL013,PR004,LO052,1325.04,2024-01-04,Pending
OR0329,CL024,PR003,LO067,4632.02,2024-01-28,Fulfilled
OR0330,CL003,PR001,LO067,1411.25,2024-01-01,Pending
OR0331,CL024,PR005,LO030,8495.27,2024-01-20,Fulfilled
OR0332,CL044,PR004,LO007,5188.9,2024-01-03,Fulfilled
OR0333,CL034,PR005,LO052,8789.72,2024-01-21,Pending
OR0334,CL048,PR005,LO030,6661.24,2024-01-17,Fulfilled
OR0335,CL015,PR004,LO039,5624.26,2024-01-30,Fulfilled
OR0336,CL041,PR003,LO046,6083.36,2024-01-15,Pending
OR0337,CL032,PR003,LO066,2392.19,2024-01-12,Fulfilled
OR0338,CL015,PR001,LO089,2836.85,2024-01-14,Fulfilled
OR0339,CL030,PR005,LO099,7503.47,2024-01-05,Fulfilled
OR0340,CL007,PR005,LO028,7641.1,2024-01-20,Pending
OR0341,CL031,PR005,LO070,9028.8,2024-01-11,Fulfilled
OR0342,CL024,PR001,LO083,1921.78,2024-01-19,Pending
OR0343,CL006,PR002,LO091,3597.65,2024-01-30,Pending
OR0344,CL009,PR004,LO016,731.63,2024-01-19,Pending
OR0345,CL030,PR001,LO092,9085.79,2024-01-17,Fulfilled
OR0346,CL035,PR005,LO078,4909.65,2024-01-22,Fulfilled
OR0347,CL018,PR004,LO059,7479.93,2024-01-25,Pending
OR0348,CL022,PR004,LO008,6302.91,2024-01-24,Fulfilled
OR0349,CL031,PR005,LO019,3556.5,2024-01-30,Pending
OR0350,CL046,PR002,LO032,209.38,2024-01-02,Fulfilled
OR0351,CL046,PR003,LO048,9273.65,2024-01-15,Pending
OR0352,CL038,PR003,LO024,5084.03,2024-01-03,Fulfilled
OR0353,CL037,PR004,LO014,8529.53,2024-01-15,Fulfilled
OR0354,CL026,PR005,LO037,139.23,2024-01-24,Pending
OR0355,CL013,PR004,LO035,9101.64,2024-01-28,Pending
OR0356,CL020,PR005,LO079,8925.63,2024-01-05,Fulfilled
OR0357,CL036,PR002,LO063,4087.79,2024-01-04,Pending
OR0358,CL002,PR001,LO063,8169.09,2024-01-27,Fulfilled
OR0359,CL015,PR005,LO072,3595.6,2024-01-17,Fulfilled
OR0360,CL028,PR003,LO042,8135.31,2024-01-03,Pending
OR0361,CL010,PR001,LO066,6576.51,2024-01-18,Pending
OR0362,CL031,PR005,LO040,5607.51,2024-01-02,Pending
OR0363,CL033,PR004,LO060,710.85,2024-01-13,Pending
OR0364,CL025,PR001,LO023,6913.02,2024-01-30,Pending
OR0365,CL002,PR003,LO048,7868.27,2024-01-13,Pending
OR0366,CL043,PR005,LO052,9879.38,2024-01-18,Fulfilled
OR0367,CL020,PR004,LO084,8472.78,2024-01-24,Fulfilled
OR0368,CL003,PR003,LO097,2465.23,2024-01-14,Fulfilled
OR0369,CL008,PR005,LO069,2724.43,2024-01-11,Pending
OR0370,CL020,PR002,LO089,5969.44,2024-01-24,Pending
OR0371,CL007,PR004,LO070,4347.22,2024-01-21,Pending
OR0372,CL021,PR003,LO062,7569.09,2024-01-11,Fulfilled
OR0373,CL001,PR003,LO097,2888.38,2024-01-09,Fulfilled
OR0374,CL032,PR005,LO094,2251.17,2024-01-16,Fulfilled
OR0375,CL018,PR005,LO043,224.75,2024-01-03,Pending
OR0376,CL009,PR003,LO021,2469.39,2024-01-16,Pending
OR0377,CL037,PR002,LO002,977.83,2024-01-17,Pending
OR0378,CL049,PR004,LO021,7451.16,2024-01-24,Fulfilled
OR0379,CL036,PR001,LO086,4161.16,2024-01-12,Pending
OR0380,CL034,PR004,LO080,1155.77,2024-01-31,Fulfilled
OR0381,CL039,PR005,LO045,7658.27,2024-01-28,Fulfilled
OR0382,CL012,PR001,LO004,4630.9,2024-01-31,Fulfilled
OR0383,CL020,PR001,LO090,6860.05,2024-01-09,Fulfilled
OR0384,CL021,PR004,LO036,1012.14,2024-01-25,Pending
OR0385,CL001,PR004,LO048,4405.1,2024-01-17,Pending
OR0386,CL020,PR005,LO088,7836.55,2024-01-13,Fulfilled
OR0387,CL048,PR005,LO051,8575.26,2024-01-24,Fulfilled
OR0388,CL034,PR004,LO092,6778.97,2024-01-03,Fulfilled
OR0389,CL012,PR004,LO026,3583.02,2024-01-22,Pending
OR0390,CL013,PR004,LO044,6678.03,2024-01-15,Fulfilled
OR0391,CL046,PR005,LO081,601.91,2024-01-30,Pending
OR0392,CL043,PR001,LO024,6747.03,2024-01-24,Fulfilled
OR0393,CL036,PR004,LO011,4940.67,2024-01-01,Pending
OR0394,CL023,PR004,LO062,6246.21,2024-01-11,Pending
OR0395,CL031,PR003,LO075,7712.38,2024-01-31,Fulfilled
OR0396,CL014,PR001,LO018,6333.61,2024-01-16,Pending
OR0397,CL040,PR004,LO043,3200.06,2024-01-04,Fulfilled
OR0398,CL009,PR002,LO028,8593.56,2024-01-06,Fulfilled
OR0399,CL016,PR003,LO080,8187.6,2024-01-06,Fulfilled
OR0400,CL003,PR004,LO047,3921.02,2024-01-10,Pending
OR0401,CL031,PR001,LO021,6569.39,2024-01-31,Pending
OR0402,CL011,PR005,LO028,470.37,2024-01-07,Fulfilled
OR0403,CL028,PR004,LO032,6935.77,2024-01-30,Fulfilled
OR0404,CL004,PR002,LO006,7294.58,2024-01-28,Pending
OR0405,CL033,PR004,LO025,8448.08,2024-01-23,Fulfilled
OR0406,CL039,PR004,LO033,7104.65,2024-01-07,Fulfilled
OR0407,CL013,PR001,LO052,7103.85,2024-01-14,Pending
OR0408,CL033,PR004,LO005,728.11,2024-01-28,Pending
OR0409,CL039,PR005,LO031,7721.48,2024-01-22,Pending
OR0410,CL024,PR003,LO022,813.96,2024-01-27,Pending
OR0411,CL034,PR001,LO064,2899.16,2024-01-05,Pending
OR0412,CL026,PR003,LO024,5077.68,2024-01-06,Pending
OR0413,CL035,PR001,LO041,414.16,2024-01-08,Pending
OR0414,CL037,PR001,LO032,1436.23,2024-01-24,Pending
OR0415,CL026,PR005,LO072,7599.24,2024-01-09,Fulfilled
OR0416,CL017,PR001,LO071,7666.67,2024-01-20,Fulfilled
OR0417,CL026,PR003,LO002,7561.48,2024-01-01,Pending
OR0418,CL007,PR003,LO046,275.16,2024-01-25,Fulfilled
OR0419,CL016,PR002,LO063,845.48,2024-01-13,Fulfilled
OR0420,CL017,PR003,LO055,3920.37,2024-01-19,Fulfilled
OR0421,CL009,PR004,LO060,6745.54,2024-01-26,Fulfilled
OR0422,CL034,PR003,LO041,1855.04,2024-01-06,Fulfilled
OR0423,CL017,PR004,LO018,8304.66,2024-01-13,Pending
OR0424,CL040,PR002,LO058,7258.82,2024-01-30,Pending
OR0425,CL032,PR002,LO074,1725.17,2024-01-22,Pending
OR0426,CL035,PR003,LO071,1844.15,2024-01-09,Fulfilled
OR0427,CL019,PR003,LO024,1397.73,2024-01-22,Pending
OR0428,CL042,PR005,LO042,3200.06,2024-01-22,Fulfilled
OR0429,CL040,PR003,LO086,4426.57,2024-01-23,Pending
OR0430,CL036,PR001,LO018,6016.7,2024-01-23,Pending
OR0431,CL008,PR004,LO038,183.35,2024-01-05,Fulfilled
OR0432,CL045,PR004,LO076,4666.76,2024-01-02,Fulfilled
OR0433,CL048,PR003,LO027,6886.12,2024-01-31,Fulfilled
OR0434,CL013,PR003,LO056,7214.67,2024-01-30,Pending
OR0435,CL028,PR001,LO079,3014.27,2024-01-05,Pending
OR0436,CL031,PR004,LO074,1732.03,2024-01-19,Pending
OR0437,CL010,PR002,LO049,2523.62,2024-01-18,Fulfilled
OR0438,CL016,PR004,LO002,7218.16,2024-01-22,Pending
OR0439,CL038,PR005,LO059,8829.52,2024-01-23,Pending
OR0440,CL032,PR002,LO090,4936.29,2024-01-11,Fulfilled
OR0441,CL022,PR003,LO091,5314.9,2024-01-10,Pending
OR0442,CL026,PR003,LO016,5902.39,2024-01-09,Fulfilled
OR0443,CL016,PR004,LO018,7447.33,2024-01-28,Fulfilled
OR0444,CL045,PR004,LO017,2333.87,2024-01-20,Pending
OR0445,CL021,PR005,LO044,3834.14,2024-01-25,Pending
OR0446,CL042,PR003,LO042,1117.58,2024-01-11,Fulfilled
OR0447,CL020,PR005,LO065,3876.93,2024-01-11,Pending
OR0448,CL013,PR002,LO027,9410.1,2024-01-10,Fulfilled
OR0449,CL037,PR005,LO079,7750.94,2024-01-08,Pending
OR0450,CL002,PR004,LO021,4150.85,2024-01-27,Pending
OR0451,CL023,PR005,LO094,308.09,2024-01-27,Pending
OR0452,CL018,PR001,LO001,8195.09,2024-01-18,Pending
OR0453,CL010,PR004,LO014,9307.09,2024-01-09,Fulfilled
OR0454,CL001,PR005,LO098,5377.28,2024-01-24,Pending
OR0455,CL005,PR002,LO049,4800.26,2024-01-14,Pending
OR0456,CL019,PR001,LO009,9499.41,2024-01-07,Pending
OR0457,CL028,PR001,LO036,2811.37,2024-01-30,Fulfilled
OR0458,CL017,PR003,LO083,1659.26,2024-01-30,Pending
OR0459,CL026,PR005,LO044,5252.16,2024-01-18,Fulfilled
OR0460,CL035,PR002,LO004,5972.0,2024-01-11,Pending
OR0461,CL001,PR002,LO072,3227.52,2024-01-25,Pending
OR0462,CL019,PR003,LO060,6609.65,2024-01-06,Pending
OR0463,CL020,PR003,LO068,9880.45,2024-01-27,Fulfilled
OR0464,CL041,PR003,LO092,8569.66,2024-01-09,Pending
OR0465,CL012,PR003,LO035,287.65,2024-01-10,Pending
OR0466,CL021,PR004,LO076,7174.79,2024-01-22,Pending
OR0467,CL050,PR002,LO079,2569.4,2024-01-27,Pending
OR0468,CL007,PR001,LO076,9579.3,2024-01-15,Pending
OR0469,CL001,PR001,LO032,1999.03,2024-01-06,Fulfilled
OR0470,CL042,PR005,LO026,1045.75,2024-01-27,Fulfilled
OR0471,CL018,PR002,LO003,9989.21,2024-01-23,Pending
OR0472,CL020,PR002,LO076,9823.76,2024-01-22,Pending
OR0473,CL015,PR003,LO016,4954.51,2024-01-25,Pending
OR0474,CL033,PR005,LO084,1645.3,2024-01-06,Fulfilled
OR0475,CL048,PR003,LO099,6147.59,2024-01-14,Fulfilled
OR0476,CL029,PR002,LO042,8370.82,2024-01-18,Fulfilled
OR0477,CL028,PR004,LO046,125.27,2024-01-11,Pending
OR0478,CL030,PR005,LO024,2829.49,2024-01-13,Fulfilled
OR0479,CL034,PR005,LO095,2131.92,2024-01-02,Pending
OR0480,CL001,PR003,LO097,7380.61,2024-01-21,Fulfilled
OR0481,CL014,PR002,LO011,8009.58,2024-01-26,Fulfilled
OR0482,CL029,PR002,LO099,9352.13,2024-01-17,Fulfilled
OR0483,CL014,PR003,LO079,1958.26,2024-01-24,Pending
OR0484,CL048,PR005,LO082,1899.02,2024-01-04,Fulfilled
OR0485,CL035,PR001,LO057,2669.75,2024-01-06,Fulfilled
OR0486,CL043,PR004,LO032,9611.08,2024-01-12,Pending
OR0487,CL023,PR003,LO066,3878.95,2024-01-06,Pending
OR0488,CL037,PR001,LO039,9816.62,2024-01-28,Fulfilled
OR0489,CL027,PR005,LO072,2626.36,2024-01-22,Fulfilled
OR0490,CL024,PR003,LO098,3640.01,2024-01-09,Pending
OR0491,CL044,PR005,LO050,968.35,2024-01-13,Pending
OR0492,CL044,PR004,LO071,5062.6,2024-01-27,Pending
OR0493,CL035,PR002,LO092,8548.0,2024-01-30,Pending
OR0494,CL014,PR002,LO065,5938.6,2024-01-31,Fulfilled
OR0495,CL014,PR002,LO003,4051.76,2024-01-01,Fulfilled
OR0496,CL039,PR004,LO094,8617.07,2024-01-17,Fulfilled
OR0497,CL040,PR002,LO011,9120.46,2024-01-22,Fulfilled
OR0498,CL029,PR002,LO015,7590.81,2024-01-03,Fulfilled
OR0499,CL011,PR001,LO093,1879.64,2024-01-20,Fulfilled
OR0500,CL019,PR005,LO070,3685.93,2024-01-23,Fulfilled
OR0501,CL016,PR005,LO092,5420.79,2024-01-05,Pending
OR0502,CL023,PR003,LO015,8449.82,2024-01-17,Fulfilled
OR0503,CL041,PR004,LO020,3242.64,2024-01-15,Fulfilled
OR0504,CL031,PR005,LO005,8860.08,2024-01-28,Fulfilled
OR0505,CL030,PR004,LO083,1087.49,2024-01-01,Pending
OR0506,CL050,PR004,LO005,2702.39,2024-01-14,Pending
OR0507,CL019,PR002,LO070,9581.15,2024-01-16,Fulfilled
OR0508,CL007,PR003,LO033,5247.93,2024-01-12,Pending
OR0509,CL026,PR001,LO054,1195.14,2024-01-01,Fulfilled
OR0510,CL043,PR004,LO100,4598.25,2024-01-30,Fulfilled
OR0511,CL013,PR003,LO031,6533.09,2024-01-29,Pending
OR0512,CL035,PR004,LO011,5815.7,2024-01-30,Fulfilled
OR0513,CL020,PR001,LO044,4535.28,2024-01-03,Fulfilled
OR0514,CL025,PR004,LO044,6095.21,2024-01-08,Fulfilled
OR0515,CL040,PR001,LO050,7089.85,2024-01-13,Fulfilled
OR0516,CL015,PR001,LO084,6133.12,2024-01-26,Fulfilled
OR0517,CL038,PR005,LO085,3878.73,2024-01-15,Fulfilled
OR0518,CL020,PR003,LO087,1094.52,2024-01-25,Fulfilled
OR0519,CL001,PR005,LO041,9116.25,2024-01-18,Pending
OR0520,CL047,PR002,LO005,1269.43,2024-01-28,Fulfilled
OR0521,CL041,PR002,LO016,2978.16,2024-01-05,Pending
OR0522,CL038,PR004,LO055,175.89,2024-01-08,Fulfilled
OR0523,CL037,PR002,LO062,2174.46,2024-01-21,Fulfilled
OR0524,CL024,PR004,LO069,5369.1,2024-01-04,Pending
OR0525,CL024,PR005,LO049,1133.77,2024-01-15,Pending
OR0526,CL048,PR003,LO011,2607.44,2024-01-18,Pending
OR0527,CL005,PR004,LO081,2094.64,2024-01-05,Fulfilled
OR0528,CL013,PR003,LO060,4536.05,2024-01-28,Fulfilled
OR0529,CL034,PR003,LO080,1504.35,2024-01-27,Pending
OR0530,CL003,PR002,LO020,3697.28,2024-01-26,Pending
OR0531,CL050,PR002,LO018,780.54,2024-01-12,Fulfilled
OR0532,CL006,PR005,LO032,5149.16,2024-01-11,Fulfilled
OR0533,CL042,PR005,LO001,3774.47,2024-01-10,Fulfilled
OR0534,CL050,PR003,LO007,9695.72,2024-01-25,Pending
OR0535,CL015,PR005,LO100,9653.96,2024-01-14,Fulfilled
OR0536,CL005,PR002,LO009,7042.29,2024-01-19,Fulfilled
OR0537,CL012,PR005,LO090,5929.73,2024-01-22,Pending
OR0538,CL023,PR004,LO005,7145.48,2024-01-10,Fulfilled
OR0539,CL040,PR002,LO026,8197.85,2024-01-31,Fulfilled
OR0540,CL035,PR001,LO099,3278.81,2024-01-13,Fulfilled
OR0541,CL011,PR004,LO090,6215.71,2024-01-26,Fulfilled
OR0542,CL018,PR003,LO016,6397.02,2024-01-26,Fulfilled
OR0543,CL033,PR004,LO045,3058.97,2024-01-20,Fulfilled
OR0544,CL047,PR004,LO049,7210.05,2024-01-24,Fulfilled
OR0545,CL023,PR002,LO066,6480.91,2024-01-23,Fulfilled
OR0546,CL049,PR004,LO042,1092.47,2024-01-18,Pending
OR0547,CL026,PR002,LO017,2138.38,2024-01-10,Pending
OR0548,CL030,PR004,LO054,5373.27,2024-01-13,Fulfilled
OR0549,CL042,PR002,LO077,6480.68,2024-01-10,Pending
OR0550,CL007,PR003,LO008,1925.61,2024-01-14,Fulfilled
OR0551,CL042,PR004,LO017,6615.82,2024-01-11,Fulfilled
OR0552,CL008,PR002,LO076,7813.52,2024-01-20,Fulfilled
OR0553,CL037,PR001,LO083,7901.6,2024-01-29,Fulfilled
OR0554,CL033,PR005,LO027,8084.82,2024-01-07,Fulfilled
OR0555,CL011,PR003,LO079,9831.22,2024-01-24,Fulfilled
OR0556,CL021,PR004,LO049,7325.86,2024-01-02,Fulfilled
OR0557,CL011,PR003,LO033,4999.53,2024-01-20,Pending
OR0558,CL046,PR002,LO019,8295.34,2024-01-22,Pending
OR0559,CL035,PR003,LO055,3176.28,2024-01-23,Pending
OR0560,CL036,PR004,LO028,9917.55,2024-01-29,Fulfilled
OR0561,CL020,PR003,LO034,9700.55,2024-01-28,Pending
OR0562,CL012,PR004,LO068,2186.85,2024-01-24,Pending
OR0563,CL030,PR002,LO011,3496.3,2024-01-17,Fulfilled
OR0564,CL026,PR002,LO007,2372.16,2024-01-21,Fulfilled
OR0565,CL009,PR001,LO067,2261.91,2024-01-21,Fulfilled
OR0566,CL041,PR005,LO099,3720.8,2024-01-18,Pending
OR0567,CL005,PR002,LO005,744.85,2024-01-11,Pending
OR0568,CL033,PR005,LO026,9325.24,2024-01-04,Fulfilled
OR0569,CL043,PR004,LO001,434.27,2024-01-14,Fulfilled
OR0570,CL042,PR005,LO075,1688.57,2024-01-07,Fulfilled
OR0571,CL026,PR003,LO069,8036.45,2024-01-05,Fulfilled
OR0572,CL036,PR001,LO040,3943.59,2024-01-01,Pending
OR0573,CL005,PR003,LO096,5408.96,2024-01-10,Fulfilled
OR0574,CL035,PR001,LO090,7465.44,2024-01-27,Fulfilled
OR0575,CL020,PR002,LO017,1373.98,2024-01-11,Pending
OR0576,CL046,PR005,LO004,940.07,2024-01-07,Fulfilled
OR0577,CL006,PR005,LO014,1098.06,2024-01-30,Pending
OR0578,CL020,PR004,LO067,7897.59,2024-01-27,Pending
OR0579,CL039,PR003,LO032,3214.13,2024-01-21,Fulfilled
OR0580,CL032,PR005,LO039,3414.83,2024-01-16,Pending
OR0581,CL022,PR004,LO008,8848.78,2024-01-07,Fulfilled
OR0582,CL028,PR001,LO094,3165.15,2024-01-28,Fulfilled
OR0583,CL025,PR004,LO072,7368.84,2024-01-30,Pending
OR0584,CL026,PR004,LO020,9149.67,2024-01-06,Pending
OR0585,CL047,PR001,LO012,7475.23,2024-01-28,Pending
OR0586,CL045,PR001,LO034,8318.64,2024-01-19,Pending
OR0587,CL011,PR005,LO046,268.44,2024-01-28,Fulfilled
OR0588,CL010,PR003,LO075,2075.73,2024-01-12,Pending
OR0589,CL018,PR004,LO028,2984.3,2024-01-09,Pending
OR0590,CL031,PR005,LO025,2826.07,2024-01-19,Pending
OR0591,CL012,PR002,LO007,8001.07,2024-01-24,Pending
OR0592,CL043,PR002,LO026,9226.4,2024-01-23,Fulfilled
OR0593,CL011,PR001,LO037,732.89,2024-01-25,Pending
OR0594,CL018,PR001,LO091,971.45,2024-01-29,Fulfilled
OR0595,CL048,PR005,LO030,3958.66,2024-01-29,Pending
OR0596,CL019,PR003,LO010,8553.98,2024-01-31,Pending
OR0597,CL001,PR003,LO068,1285.62,2024-01-29,Fulfilled
OR0598,CL011,PR002,LO036,5439.88,2024-01-18,Pending
OR0599,CL012,PR005,LO010,2750.29,2024-01-05,Pending
OR0600,CL037,PR003,LO026,3843.68,2024-01-20,Pending
OR0601,CL009,PR005,LO004,5130.69,2024-01-24,Pending
OR0602,CL040,PR003,LO040,1938.31,2024-01-29,Pending
OR0603,CL034,PR002,LO032,6010.84,2024-01-17,Pending
OR0604,CL024,PR002,LO033,2669.45,2024-01-31,Fulfilled
OR0605,CL048,PR004,LO054,2682.12,2024-01-11,Pending
OR0606,CL012,PR004,LO064,7895.37,2024-01-31,Pending
OR0607,CL024,PR003,LO062,6867.14,2024-01-21,Fulfilled
OR0608,CL041,PR003,LO085,2593.86,2024-01-19,Fulfilled
OR0609,CL021,PR002,LO048,9486.07,2024-01-06,Fulfilled
OR0610,CL005,PR003,LO053,8331.49,2024-01-03,Pending
OR0611,CL030,PR003,LO064,2382.87,2024-01-12,Fulfilled
OR0612,CL010,PR001,LO095,137.49,2024-01-27,Fulfilled
OR0613,CL009,PR004,LO037,9557.06,2024-01-15,Fulfilled
OR0614,CL032,PR004,LO041,6449.5,2024-01-06,Fulfilled
OR0615,CL030,PR001,LO062,4775.47,2024-01-10,Pending
OR0616,CL026,PR001,LO073,5596.38,2024-01-12,Fulfilled
OR0617,CL006,PR004,LO023,9337.2,2024-01-23,Fulfilled
OR0618,CL014,PR005,LO056,9869.15,2024-01-23,Pending
OR0619,CL026,PR001,LO040,7575.11,2024-01-25,Pending
OR0620,CL004,PR001,LO057,5269.48,2024-01-10,Fulfilled
OR0621,CL050,PR004,LO020,6037.24,2024-01-11,Fulfilled
OR0622,CL010,PR004,LO072,7286.69,2024-01-04,Pending
OR0623,CL015,PR002,LO039,719.25,2024-01-26,Fulfilled
OR0624,CL005,PR002,LO089,6009.42,2024-01-15,Pending
OR0625,CL015,PR004,LO004,7754.85,2024-01-18,Pending
OR0626,CL017,PR001,LO045,424.86,2024-01-19,Pending
OR0627,CL024,PR001,LO057,4823.4,2024-01-31,Pending
OR0628,CL049,PR001,LO049,4896.96,2024-01-31,Fulfilled
OR0629,CL027,PR003,LO015,7853.78,2024-01-01,Pending
OR0630,CL030,PR004,LO002,2436.54,2024-01-22,Pending
OR0631,CL028,PR001,LO073,5377.96,2024-01-07,Fulfilled
OR0632,CL046,PR002,LO066,8292.42,2024-01-04,Pending
OR0633,CL048,PR001,LO011,4031.73,2024-01-27,Pending
OR0634,CL033,PR002,LO085,4304.95,2024-01-06,Pending
OR0635,CL027,PR001,LO080,2904.36,2024-01-19,Fulfilled
OR0636,CL029,PR004,LO049,7221.55,2024-01-10,Fulfilled
OR0637,CL026,PR004,LO092,7546.07,2024-01-23,Fulfilled
OR0638,CL026,PR001,LO014,9505.78,2024-01-27,Fulfilled
OR0639,CL042,PR004,LO081,4084.36,2024-01-12,Fulfilled
OR0640,CL012,PR004,LO036,3075.47,2024-01-24,Pending
OR0641,CL017,PR004,LO086,429.92,2024-01-04,Fulfilled
OR0642,CL033,PR001,LO061,2530.47,2024-01-02,Fulfilled
OR0643,CL045,PR001,LO063,3098.1,2024-01-23,Fulfilled
OR0644,CL025,PR003,LO036,443.17,2024-01-20,Pending
OR0645,CL022,PR005,LO070,8240.7,2024-01-29,Pending
OR0646,CL002,PR004,LO080,4627.37,2024-01-04,Pending
OR0647,CL005,PR003,LO016,6182.07,2024-01-23,Pending
OR0648,CL001,PR001,LO017,8725.95,2024-01-05,Pending
OR0649,CL034,PR001,LO070,2860.21,2024-01-04,Pending
OR0650,CL030,PR001,LO055,891.9,2024-01-02,Fulfilled
OR0651,CL046,PR001,LO076,9522.19,2024-01-18,Fulfilled
OR0652,CL044,PR001,LO061,7739.38,2024-01-26,Pending
OR0653,CL025,PR002,LO020,687.47,2024-01-17,Fulfilled
OR0654,CL050,PR003,LO020,7758.08,2024-01-03,Pending
OR0655,CL040,PR001,LO053,7411.65,2024-01-30,Pending
OR0656,CL006,PR004,LO071,8744.59,2024-01-24,Fulfilled
OR0657,CL036,PR005,LO096,2998.7,2024-01-02,Fulfilled
OR0658,CL040,PR005,LO065,3734.53,2024-01-26,Fulfilled
OR0659,CL024,PR004,LO042,1053.46,2024-01-31,Fulfilled
OR0660,CL039,PR004,LO017,754.93,2024-01-29,Fulfilled
OR0661,CL014,PR002,LO041,6108.02,2024-01-08,Pending
OR0662,CL008,PR001,LO008,9733.02,2024-01-23,Pending
OR0663,CL019,PR005,LO031,4579.53,2024-01-16,Fulfilled
OR0664,CL040,PR005,LO023,8477.12,2024-01-01,Pending
OR0665,CL031,PR001,LO001,7021.03,2024-01-12,Fulfilled
OR0666,CL031,PR001,LO073,2197.36,2024-01-15,Fulfilled
OR0667,CL039,PR004,LO004,9416.24,2024-01-12,Fulfilled
OR0668,CL049,PR002,LO092,2958.83,2024-01-08,Fulfilled
OR0669,CL044,PR001,LO100,5265.82,2024-01-12,Fulfilled
OR0670,CL046,PR001,LO011,622.84,2024-01-31,Pending
OR0671,CL046,PR002,LO050,339.6,2024-01-29,Fulfilled
OR0672,CL019,PR004,LO005,8342.1,2024-01-24,Pending
OR0673,CL035,PR004,LO033,1834.23,2024-01-26,Fulfilled
OR0674,CL003,PR001,LO058,5082.62,2024-01-18,Pending
OR0675,CL038,PR005,LO021,5600.01,2024-01-10,Fulfilled
OR0676,CL016,PR001,LO046,6129.32,2024-01-28,Pending
OR0677,CL027,PR003,LO010,2319.85,2024-01-14,Pending
OR0678,CL028,PR004,LO091,5220.19,2024-01-08,Fulfilled
OR0679,CL038,PR003,LO091,2929.78,2024-01-05,Pending
OR0680,CL038,PR004,LO091,3769.49,2024-01-12,Fulfilled
OR0681,CL010,PR002,LO040,510.02,2024-01-05,Pending
OR0682,CL011,PR005,LO076,7430.97,2024-01-07,Fulfilled
OR0683,CL033,PR003,LO046,1182.06,2024-01-15,Pending
OR0684,CL011,PR004,LO097,314.52,2024-01-14,Pending
OR0685,CL039,PR004,LO078,3527.58,2024-01-22,Fulfilled
OR0686,CL034,PR005,LO076,617.76,2024-01-30,Pending
OR0687,CL025,PR003,LO094,3486.0,2024-01-22,Pending
OR0688,CL003,PR004,LO081,9666.85,2024-01-12,Fulfilled
OR0689,CL036,PR004,LO030,2968.11,2024-01-06,Fulfilled
OR0690,CL014,PR004,LO040,3683.07,2024-01-04,Pending
OR0691,CL039,PR005,LO069,4901.14,2024-01-05,Fulfilled
OR0692,CL037,PR004,LO029,6882.88,2024-01-21,Fulfilled
OR0693,CL017,PR005,LO065,1780.38,2024-01-01,Pending
OR0694,CL037,PR002,LO082,3556.32,2024-01-01,Pending
OR0695,CL016,PR002,LO049,4111.62,2024-01-17,Pending
OR0696,CL039,PR003,LO051,6878.58,2024-01-23,Fulfilled
OR0697,CL017,PR004,LO077,3018.63,2024-01-24,Pending
OR0698,CL003,PR004,LO058,5673.31,2024-01-08,Fulfilled
OR0699,CL027,PR002,LO061,6326.53,2024-01-07,Fulfilled
OR0700,CL037,PR001,LO052,558.07,2024-01-08,Fulfilled
OR0701,CL048,PR002,LO042,637.17,2024-01-03,Pending
OR0702,CL013,PR004,LO056,4134.3,2024-01-02,Fulfilled
OR0703,CL037,PR001,LO009,3690.32,2024-01-17,Pending
OR0704,CL038,PR004,LO051,3326.72,2024-01-26,Pending
OR0705,CL040,PR002,LO004,3891.2,2024-01-18,Pending
OR0706,CL026,PR003,LO031,6421.48,2024-01-22,Pending
OR0707,CL032,PR003,LO045,8300.53,2024-01-01,Fulfilled
OR0708,CL031,PR002,LO049,164.71,2024-01-15,Pending
OR0709,CL042,PR003,LO089,7237.41,2024-01-23,Fulfilled
OR0710,CL018,PR003,LO001,9803.46,2024-01-28,Pending
OR0711,CL039,PR001,LO032,8346.89,2024-01-24,Pending
OR0712,CL025,PR005,LO055,4016.02,2024-01-01,Pending
OR0713,CL022,PR001,LO005,8805.13,2024-01-13,Pending
OR0714,CL027,PR003,LO091,4622.1,2024-01-01,Pending
OR0715,CL001,PR002,LO067,7666.15,2024-01-14,Fulfilled
OR0716,CL049,PR005,LO063,6780.54,2024-01-03,Pending
OR0717,CL016,PR004,LO089,9600.15,2024-01-18,Fulfilled
OR0718,CL044,PR002,LO007,1637.38,2024-01-17,Pending
OR0719,CL016,PR004,LO049,2481.37,2024-01-28,Pending
OR0720,CL031,PR003,LO096,7980.71,2024-01-24,Pending
OR0721,CL021,PR003,LO003,3755.54,2024-01-20,Pending
OR0722,CL003,PR005,LO023,6849.12,2024-01-28,Pending
OR0723,CL006,PR001,LO032,5026.48,2024-01-18,Pending
OR0724,CL046,PR005,LO047,8313.59,2024-01-04,Fulfilled
OR0725,CL037,PR004,LO060,8313.45,2024-01-01,Pending
OR0726,CL045,PR001,LO021,7234.57,2024-01-15,Pending
OR0727,CL050,PR005,LO009,5464.34,2024-01-21,Fulfilled
OR0728,CL042,PR003,LO059,8079.5,2024-01-08,Fulfilled
OR0729,CL019,PR002,LO048,7027.08,2024-01-04,Fulfilled
OR0730,CL009,PR005,LO089,5024.27,2024-01-30,Pending
OR0731,CL013,PR003,LO006,4083.62,2024-01-30,Pending
OR0732,CL021,PR004,LO030,3711.5,2024-01-02,Pending
OR0733,CL013,PR002,LO072,7060.5,2024-01-31,Pending
OR0734,CL030,PR004,LO042,2727.74,2024-01-03,Pending
OR0735,CL047,PR002,LO089,6622.51,2024-01-24,Pending
OR0736,CL030,PR001,LO047,4732.53,2024-01-14,Pending
OR0737,CL036,PR003,LO045,4641.81,2024-01-31,Fulfilled
OR0738,CL018,PR005,LO059,1915.96,2024-01-08,Fulfilled
OR0739,CL016,PR002,LO088,7169.78,2024-01-13,Fulfilled
OR0740,CL026,PR001,LO071,1146.47,2024-01-29,Fulfilled
OR0741,CL007,PR004,LO086,3000.78,2024-01-29,Fulfilled
OR0742,CL022,PR004,LO010,9342.82,2024-01-15,Fulfilled
OR0743,CL029,PR003,LO035,8796.06,2024-01-24,Pending
OR0744,CL015,PR005,LO085,6500.51,2024-01-01,Pending
OR0745,CL016,PR002,LO070,6729.31,2024-01-10,Pending
OR0746,CL024,PR002,LO079,2730.64,2024-01-13,Pending
OR0747,CL011,PR003,LO048,1912.71,2024-01-16,Pending
OR0748,CL010,PR005,LO056,6312.64,2024-01-21,Pending
OR0749,CL001,PR001,LO095,8594.12,2024-01-10,Fulfilled
OR0750,CL002,PR004,LO024,6434.54,2024-01-13,Fulfilled
OR0751,CL012,PR005,LO096,7116.25,2024-01-11,Fulfilled
OR0752,CL050,PR002,LO028,3020.93,2024-01-23,Pending
OR0753,CL035,PR005,LO019,438.2,2024-01-07,Pending
OR0754,CL047,PR005,LO046,451.01,2024-01-23,Pending
OR0755,CL040,PR002,LO020,9308.74,2024-01-06,Pending
OR0756,CL006,PR005,LO032,3040.41,2024-01-28,Fulfilled
OR0757,CL032,PR005,LO027,8903.67,2024-01-24,Pending
OR0758,CL007,PR001,LO038,380.31,2024-01-08,Pending
OR0759,CL041,PR002,LO074,1243.68,2024-01-16,Fulfilled
OR0760,CL040,PR001,LO089,9016.37,2024-01-21,Fulfilled
OR0761,CL034,PR005,LO031,8707.84,2024-01-29,Pending
OR0762,CL046,PR004,LO095,3787.4,2024-01-05,Fulfilled
OR0763,CL050,PR001,LO081,2931.1,2024-01-23,Fulfilled
OR0764,CL018,PR002,LO042,9286.54,2024-01-21,Fulfilled
OR0765,CL012,PR003,LO064,4323.16,2024-01-31,Pending
OR0766,CL006,PR004,LO055,7999.8,2024-01-21,Pending
OR0767,CL037,PR004,LO027,2386.07,2024-01-04,Fulfilled
OR0768,CL027,PR003,LO100,2732.35,2024-01-08,Pending
OR0769,CL031,PR005,LO051,662.55,2024-01-09,Fulfilled
OR0770,CL050,PR002,LO002,1331.72,2024-01-24,Fulfilled
OR0771,CL022,PR001,LO034,1305.99,2024-01-19,Fulfilled
OR0772,CL007,PR004,LO055,8629.56,2024-01-23,Fulfilled
OR0773,CL039,PR004,LO034,8747.23,2024-01-12,Fulfilled
OR0774,CL031,PR001,LO039,6502.45,2024-01-28,Fulfilled
OR0775,CL042,PR003,LO083,8924.28,2024-01-12,Pending
OR0776,CL033,PR002,LO036,7976.42,2024-01-24,Pending
OR0777,CL014,PR001,LO022,328.38,2024-01-19,Fulfilled
OR0778,CL022,PR004,LO067,437.34,2024-01-01,Pending
OR0779,CL005,PR002,LO005,440.21,2024-01-12,Fulfilled
OR0780,CL047,PR003,LO060,6975.23,2024-01-31,Fulfilled
OR0781,CL007,PR005,LO085,6546.86,2024-01-19,Fulfilled
OR0782,CL040,PR004,LO044,3007.83,2024-01-10,Pending
OR0783,CL041,PR002,LO035,3310.1,2024-01-09,Fulfilled
OR0784,CL030,PR005,LO029,1277.1,2024-01-06,Fulfilled
OR0785,CL018,PR002,LO008,3218.24,2024-01-22,Fulfilled
OR0786,CL005,PR004,LO038,3617.16,2024-01-01,Fulfilled
OR0787,CL050,PR002,LO078,3351.7,2024-01-09,Pending
OR0788,CL021,PR005,LO070,998.2,2024-01-18,Fulfilled
OR0789,CL016,PR001,LO066,6961.63,2024-01-07,Fulfilled
OR0790,CL038,PR005,LO018,2062.94,2024-01-24,Pending
OR0791,CL039,PR002,LO001,4377.06,2024-01-01,Fulfilled
OR0792,CL022,PR004,LO077,788.32,2024-01-04,Pending
OR0793,CL029,PR004,LO098,1455.19,2024-01-12,Pending
OR0794,CL037,PR001,LO059,4646.09,2024-01-31,Pending
OR0795,CL038,PR005,LO049,8687.61,2024-01-19,Pending
OR0796,CL034,PR001,LO096,4650.91,2024-01-20,Pending
OR0797,CL009,PR003,LO098,8873.87,2024-01-01,Fulfilled
OR0798,CL038,PR001,LO018,7250.94,2024-01-27,Pending
OR0799,CL048,PR001,LO053,7984.85,2024-01-19,Fulfilled
OR0800,CL044,PR004,LO068,3721.1,2024-01-29,Pending
OR0801,CL026,PR003,LO097,3164.28,2024-01-11,Fulfilled
OR0802,CL014,PR002,LO026,9593.65,2024-01-23,Fulfilled
OR0803,CL007,PR005,LO088,1094.07,2024-01-13,Fulfilled
OR0804,CL021,PR003,LO023,6923.91,2024-01-21,Fulfilled
OR0805,CL003,PR003,LO029,2358.07,2024-01-01,Fulfilled
OR0806,CL047,PR003,LO020,4999.48,2024-01-31,Pending
OR0807,CL009,PR005,LO062,352.24,2024-01-11,Fulfilled
OR0808,CL049,PR004,LO048,7396.07,2024-01-29,Pending
OR0809,CL035,PR005,LO071,9841.88,2024-01-12,Fulfilled
OR0810,CL023,PR001,LO030,7134.44,2024-01-22,Pending
OR0811,CL009,PR005,LO063,6445.62,2024-01-09,Pending
OR0812,CL044,PR004,LO019,9236.66,2024-01-23,Fulfilled
OR0813,CL035,PR005,LO092,6301.5,2024-01-10,Fulfilled
OR0814,CL037,PR001,LO006,9337.65,2024-01-11,Fulfilled
OR0815,CL037,PR004,LO088,8969.61,2024-01-19,Pending
OR0816,CL013,PR005,LO012,8408.4,2024-01-19,Fulfilled
OR0817,CL026,PR001,LO052,4944.32,2024-01-16,Pending
OR0818,CL041,PR001,LO083,4386.54,2024-01-24,Pending
OR0819,CL006,PR001,LO048,5226.17,2024-01-11,Fulfilled
OR0820,CL024,PR003,LO074,3699.61,2024-01-11,Pending
OR0821,CL042,PR002,LO084,2860.89,2024-01-13,Pending
OR0822,CL007,PR004,LO037,6680.71,2024-01-12,Pending
OR0823,CL048,PR005,LO018,5525.36,2024-01-18,Fulfilled
OR0824,CL043,PR002,LO095,3075.29,2024-01-16,Fulfilled
OR0825,CL048,PR002,LO099,2181.14,2024-01-12,Pending
OR0826,CL019,PR003,LO082,6891.79,2024-01-30,Pending
OR0827,CL044,PR003,LO049,2155.68,2024-01-04,Fulfilled
OR0828,CL013,PR005,LO098,2900.42,2024-01-11,Fulfilled
OR0829,CL017,PR004,LO051,1990.63,2024-01-23,Fulfilled
OR0830,CL024,PR005,LO011,6246.12,2024-01-19,Fulfilled
OR0831,CL029,PR002,LO053,1986.0,2024-01-17,Fulfilled
OR0832,CL015,PR004,LO058,3495.13,2024-01-12,Pending
OR0833,CL020,PR001,LO025,7806.45,2024-01-07,Fulfilled
OR0834,CL037,PR002,LO088,3761.05,2024-01-01,Fulfilled
OR0835,CL050,PR004,LO034,8124.08,2024-01-03,Fulfilled
OR0836,CL023,PR005,LO045,5798.9,2024-01-11,Pending
OR0837,CL020,PR002,LO089,6025.86,2024-01-18,Fulfilled
OR0838,CL045,PR001,LO096,2718.24,2024-01-07,Fulfilled
OR0839,CL023,PR002,LO055,1683.71,2024-01-14,Fulfilled
OR0840,CL049,PR005,LO048,6171.6,2024-01-09,Fulfilled
OR0841,CL024,PR004,LO075,4746.05,2024-01-08,Fulfilled
OR0842,CL013,PR003,LO097,4704.35,2024-01-26,Fulfilled
OR0843,CL027,PR004,LO070,4657.77,2024-01-02,Fulfilled
OR0844,CL011,PR002,LO051,3356.16,2024-01-08,Fulfilled
OR0845,CL016,PR004,LO051,5945.36,2024-01-04,Pending
OR0846,CL033,PR003,LO010,6892.33,2024-01-20,Pending
OR0847,CL030,PR001,LO031,6337.6,2024-01-30,Fulfilled
OR0848,CL006,PR002,LO045,3411.29,2024-01-29,Pending
OR0849,CL035,PR001,LO089,9665.49,2024-01-04,Fulfilled
OR0850,CL049,PR001,LO031,3221.21,2024-01-28,Fulfilled
OR0851,CL003,PR003,LO045,8236.61,2024-01-04,Fulfilled
OR0852,CL045,PR002,LO097,3849.81,2024-01-14,Fulfilled
OR0853,CL032,PR004,LO066,1903.6,2024-01-14,Pending
OR0854,CL041,PR003,LO019,1907.32,2024-01-22,Fulfilled
OR0855,CL044,PR003,LO010,2535.55,2024-01-18,Pending
OR0856,CL019,PR001,LO025,7010.0,2024-01-14,Fulfilled
OR0857,CL043,PR002,LO056,6905.43,2024-01-19,Fulfilled
OR0858,CL015,PR002,LO075,659.83,2024-01-27,Fulfilled
OR0859,CL048,PR003,LO087,7436.93,2024-01-05,Pending
OR0860,CL037,PR004,LO067,2771.83,2024-01-08,Fulfilled
OR0861,CL048,PR002,LO080,3293.7,2024-01-10,Fulfilled
OR0862,CL007,PR002,LO055,421.57,2024-01-13,Fulfilled
OR0863,CL027,PR003,LO064,3587.14,2024-01-05,Pending
OR0864,CL028,PR005,LO007,6549.26,2024-01-06,Fulfilled
OR0865,CL045,PR004,LO015,7235.93,2024-01-25,Pending
OR0866,CL003,PR003,LO081,8919.1,2024-01-13,Fulfilled
OR0867,CL040,PR002,LO069,5160.39,2024-01-03,Pending
OR0868,CL041,PR005,LO039,429.67,2024-01-27,Fulfilled
OR0869,CL024,PR001,LO032,5210.63,2024-01-25,Fulfilled
OR0870,CL004,PR001,LO085,5848.87,2024-01-11,Fulfilled
OR0871,CL008,PR004,LO019,8672.73,2024-01-14,Pending
OR0872,CL022,PR001,LO005,9073.74,2024-01-08,Pending
OR0873,CL025,PR005,LO061,7143.23,2024-01-27,Pending
OR0874,CL033,PR002,LO088,8402.54,2024-01-06,Fulfilled
OR0875,CL049,PR004,LO027,9152.69,2024-01-26,Pending
OR0876,CL009,PR004,LO044,6015.38,2024-01-07,Fulfilled
OR0877,CL039,PR002,LO048,9002.96,2024-01-22,Pending
OR0878,CL008,PR002,LO090,1184.65,2024-01-03,Fulfilled
OR0879,CL022,PR002,LO091,5410.67,2024-01-03,Pending
OR0880,CL008,PR001,LO041,8088.61,2024-01-09,Pending
OR0881,CL001,PR005,LO081,2845.61,2024-01-08,Fulfilled
OR0882,CL007,PR005,LO069,4464.97,2024-01-28,Fulfilled
OR0883,CL021,PR002,LO082,1224.27,2024-01-13,Fulfilled
OR0884,CL030,PR002,LO003,3012.02,2024-01-16,Pending
OR0885,CL033,PR004,LO010,5182.13,2024-01-18,Pending
OR0886,CL012,PR004,LO071,824.74,2024-01-02,Pending
OR0887,CL011,PR002,LO046,4147.03,2024-01-20,Fulfilled
OR0888,CL005,PR005,LO019,7541.96,2024-01-08,Pending
OR0889,CL010,PR001,LO024,4987.48,2024-01-07,Fulfilled
OR0890,CL038,PR003,LO020,6139.53,2024-01-02,Pending
OR0891,CL023,PR005,LO056,5872.84,2024-01-15,Pending
OR0892,CL014,PR004,LO072,6810.29,2024-01-28,Fulfilled
OR0893,CL029,PR005,LO016,2731.02,2024-01-13,Fulfilled
OR0894,CL018,PR002,LO069,2462.78,2024-01-06,Pending
OR0895,CL035,PR003,LO050,6412.81,2024-01-14,Fulfilled
OR0896,CL042,PR001,LO038,7796.74,2024-01-20,Pending
OR0897,CL036,PR003,LO011,532.55,2024-01-29,Pending
OR0898,CL030,PR003,LO036,3422.57,2024-01-21,Pending
OR0899,CL010,PR002,LO035,3038.62,2024-01-11,Pending
OR0900,CL026,PR001,LO045,4068.08,2024-01-30,Pending
OR0901,CL047,PR003,LO010,8752.93,2024-01-26,Pending
OR0902,CL024,PR003,LO060,8385.24,2024-01-15,Pending
OR0903,CL033,PR001,LO050,9959.16,2024-01-04,Pending
OR0904,CL013,PR003,LO069,9134.66,2024-01-29,Fulfilled
OR0905,CL043,PR003,LO012,7399.71,2024-01-22,Fulfilled
OR0906,CL041,PR001,LO058,1588.14,2024-01-04,Fulfilled
OR0907,CL037,PR002,LO014,8765.58,2024-01-29,Fulfilled
OR0908,CL027,PR004,LO009,4640.53,2024-01-30,Pending
OR0909,CL012,PR004,LO055,6767.85,2024-01-21,Pending
OR0910,CL021,PR002,LO072,1493.89,2024-01-25,Fulfilled
OR0911,CL001,PR005,LO070,1543.08,2024-01-11,Pending
OR0912,CL036,PR004,LO028,7801.78,2024-01-10,Pending
OR0913,CL036,PR005,LO018,6068.71,2024-01-27,Fulfilled
OR0914,CL047,PR005,LO010,8935.03,2024-01-30,Fulfilled
OR0915,CL028,PR002,LO010,4063.33,2024-01-09,Pending
OR0916,CL049,PR004,LO012,4629.39,2024-01-17,Fulfilled
OR0917,CL027,PR002,LO036,1912.84,2024-01-05,Pending
OR0918,CL040,PR001,LO050,2668.04,2024-01-13,Pending
OR0919,CL005,PR001,LO034,8840.03,2024-01-17,Fulfilled
OR0920,CL048,PR005,LO071,9151.42,2024-01-14,Fulfilled
OR0921,CL030,PR002,LO074,2757.99,2024-01-16,Pending
OR0922,CL030,PR003,LO100,1839.16,2024-01-04,Fulfilled
OR0923,CL009,PR003,LO100,3311.16,2024-01-07,Fulfilled
OR0924,CL015,PR002,LO056,6496.93,2024-01-12,Fulfilled
OR0925,CL034,PR001,LO040,7603.72,2024-01-26,Fulfilled
OR0926,CL024,PR002,LO017,179.9,2024-01-18,Fulfilled
OR0927,CL028,PR002,LO031,6987.91,2024-01-15,Fulfilled
OR0928,CL037,PR002,LO015,2539.93,2024-01-12,Pending
OR0929,CL018,PR005,LO016,2230.81,2024-01-10,Pending
OR0930,CL034,PR004,LO037,1967.67,2024-01-22,Pending
OR0931,CL009,PR001,LO010,3451.07,2024-01-27,Fulfilled
OR0932,CL008,PR004,LO074,6031.91,2024-01-20,Fulfilled
OR0933,CL013,PR002,LO055,2903.16,2024-01-21,Fulfilled
OR0934,CL019,PR002,LO088,9182.75,2024-01-09,Fulfilled
OR0935,CL002,PR001,LO056,2053.8,2024-01-26,Pending
OR0936,CL005,PR003,LO050,4375.95,2024-01-27,Fulfilled
OR0937,CL043,PR004,LO073,1796.84,2024-01-15,Pending
OR0938,CL001,PR004,LO068,4628.02,2024-01-23,Pending
OR0939,CL001,PR004,LO067,5233.91,2024-01-12,Pending
OR0940,CL004,PR003,LO059,9921.13,2024-01-04,Fulfilled
OR0941,CL040,PR004,LO061,7883.08,2024-01-26,Fulfilled
OR0942,CL013,PR004,LO087,6632.71,2024-01-27,Pending
OR0943,CL047,PR003,LO055,237.38,2024-01-08,Fulfilled
OR0944,CL029,PR003,LO058,7910.13,2024-01-14,Fulfilled
OR0945,CL009,PR004,LO031,6801.89,2024-01-11,Pending
OR0946,CL014,PR002,LO063,1230.27,2024-01-08,Pending
OR0947,CL044,PR003,LO042,2303.22,2024-01-10,Pending
OR0948,CL030,PR004,LO074,3091.7,2024-01-13,Fulfilled
OR0949,CL035,PR001,LO095,8691.62,2024-01-10,Pending
OR0950,CL031,PR003,LO079,1784.26,2024-01-11,Fulfilled
OR0951,CL039,PR001,LO059,3072.15,2024-01-20,Pending
OR0952,CL003,PR003,LO024,6796.66,2024-01-12,Fulfilled
OR0953,CL010,PR002,LO013,3859.79,2024-01-06,Fulfilled
OR0954,CL030,PR002,LO062,5897.23,2024-01-25,Fulfilled
OR0955,CL050,PR001,LO041,5278.32,2024-01-04,Pending
OR0956,CL050,PR005,LO072,8158.6,2024-01-29,Pending
OR0957,CL010,PR002,LO043,2579.08,2024-01-20,Pending
OR0958,CL007,PR003,LO067,7890.08,2024-01-06,Pending
OR0959,CL013,PR002,LO018,6304.64,2024-01-14,Pending
OR0960,CL044,PR003,LO014,1060.24,2024-01-10,Fulfilled
OR0961,CL008,PR005,LO081,8100.72,2024-01-16,Fulfilled
OR0962,CL017,PR001,LO086,4178.79,2024-01-22,Pending
OR0963,CL038,PR002,LO028,5576.44,2024-01-21,Pending
OR0964,CL037,PR003,LO043,3656.32,2024-01-13,Fulfilled
OR0965,CL022,PR004,LO009,6339.32,2024-01-26,Pending
OR0966,CL004,PR003,LO033,4195.6,2024-01-26,Pending
OR0967,CL028,PR005,LO009,1803.14,2024-01-28,Fulfilled
OR0968,CL041,PR004,LO026,6736.0,2024-01-12,Fulfilled
OR0969,CL049,PR004,LO070,724.2,2024-01-21,Fulfilled
OR0970,CL013,PR004,LO048,1977.53,2024-01-27,Fulfilled
OR0971,CL035,PR005,LO011,7702.39,2024-01-07,Pending
OR0972,CL025,PR003,LO086,8623.28,2024-01-09,Pending
OR0973,CL049,PR002,LO087,1440.99,2024-01-03,Pending
OR0974,CL022,PR001,LO028,3873.73,2024-01-12,Fulfilled
OR0975,CL047,PR005,LO007,601.16,2024-01-20,Fulfilled
OR0976,CL045,PR003,LO037,4685.72,2024-01-30,Fulfilled
OR0977,CL043,PR005,LO047,2030.14,2024-01-25,Fulfilled
OR0978,CL036,PR002,LO042,2392.99,2024-01-07,Pending
OR0979,CL009,PR004,LO025,3876.78,2024-01-03,Fulfilled
OR0980,CL013,PR001,LO014,5354.49,2024-01-15,Fulfilled
OR0981,CL017,PR002,LO013,630.94,2024-01-21,Pending
OR0982,CL040,PR001,LO053,6531.3,2024-01-22,Fulfilled
OR0983,CL023,PR005,LO079,633.74,2024-01-19,Pending
OR0984,CL041,PR002,LO035,7658.6,2024-01-31,Pending
OR0985,CL038,PR001,LO048,1174.04,2024-01-15,Pending
OR0986,CL044,PR005,LO003,3417.21,2024-01-20,Pending
OR0987,CL022,PR002,LO086,9397.56,2024-01-06,Pending
OR0988,CL022,PR001,LO059,4753.24,2024-01-17,Fulfilled
OR0989,CL017,PR005,LO062,1840.9,2024-01-11,Fulfilled
OR0990,CL012,PR003,LO053,4035.03,2024-01-26,Fulfilled
OR0991,CL036,PR003,LO038,9926.38,2024-01-16,Fulfilled
OR0992,CL032,PR001,LO096,5387.82,2024-01-10,Fulfilled
OR0993,CL022,PR004,LO021,1461.04,2024-01-13,Pending
OR0994,CL026,PR002,LO033,5840.79,2024-01-24,Pending
OR0995,CL036,PR005,LO021,6887.63,2024-01-13,Pending
OR0996,CL040,PR005,LO002,176.67,2024-01-21,Fulfilled
OR0997,CL017,PR003,LO043,7443.36,2024-01-09,Pending
OR0998,CL047,PR003,LO094,9434.34,2024-01-31,Pending
OR0999,CL030,PR005,LO004,4339.24,2024-01-06,Fulfilled
OR1000,CL046,PR001,LO094,3213.36,2024-01-25,Fulfilled
