PaymentID,SaleID,SupplierID,PaymentDate,Amount,PaymentType
PA0001,SA0001,SU003,2024-02-01,16998.65,Mobile Payment
PA0002,SA0002,SU010,2024-02-10,7079.38,Cash
PA0003,SA0003,SU005,2024-01-08,3634.95,Mobile Payment
PA0004,SA0004,SU006,2024-02-04,23888.739999999998,Cash
PA0005,SA0005,SU010,2024-01-25,3255.26,Cash
PA0006,SA0006,SU004,2024-01-28,20929.13,Credit
PA0007,SA0007,SU005,2024-01-16,5285.9,Mobile Payment
PA0008,SA0008,SU010,2024-01-31,22999.570000000003,Bank Transfer
PA0009,SA0009,SU010,2024-01-16,15913.380000000001,Bank Transfer
PA0010,SA0010,SU004,2024-02-05,5678.68,Cash
PA0011,SA0011,SU008,2024-01-09,10837.16,Bank Transfer
PA0012,SA0012,SU001,2024-01-19,745.11,Cash
PA0013,SA0013,SU010,2024-02-06,7472.54,Mobile Payment
PA0014,SA0014,SU005,2024-01-11,19506.13,Bank Transfer
PA0015,SA0015,SU001,2024-02-06,11537.800000000001,Bank Transfer
PA0016,SA0016,SU003,2024-01-21,15214.79,Bank Transfer
PA0017,SA0017,SU006,2024-02-02,2768.2200000000003,Bank Transfer
PA0018,SA0018,SU007,2024-01-22,14474.88,Bank Transfer
PA0019,SA0019,SU002,2024-02-05,14757.900000000001,Mobile Payment
PA0020,SA0020,SU006,2024-01-25,24248.56,Credit
PA0021,SA0021,SU003,2024-01-17,16368.2,Mobile Payment
PA0022,SA0022,SU008,2024-01-28,10310.35,Cash
PA0023,SA0023,SU009,2024-01-24,4056.13,Cash
PA0024,SA0024,SU008,2024-02-01,21293.32,Mobile Payment
PA0025,SA0025,SU004,2024-01-29,8146.69,Credit
PA0026,SA0026,SU004,2024-01-16,9286.82,Cash
PA0027,SA0027,SU001,2024-01-27,7694.96,Bank Transfer
PA0028,SA0028,SU007,2024-01-31,8941.77,Mobile Payment
PA0029,SA0029,SU010,2024-01-27,23142.33,Cash
PA0030,SA0030,SU007,2024-01-31,25711.27,Mobile Payment
PA0031,SA0031,SU004,2024-01-15,16529.98,Credit
PA0032,SA0032,SU010,2024-01-25,9078.810000000001,Cash
PA0033,SA0033,SU002,2024-01-12,12437.13,Credit
PA0034,SA0034,SU007,2024-01-23,21459.52,Bank Transfer
PA0035,SA0035,SU005,2024-02-01,7912.37,Mobile Payment
PA0036,SA0036,SU001,2024-01-31,1216.61,Cash
PA0037,SA0037,SU001,2024-01-26,5827.63,Cash
PA0038,SA0038,SU008,2024-01-23,3978.7000000000003,Cash
PA0039,SA0039,SU005,2024-01-09,16767.72,Cash
PA0040,SA0040,SU006,2024-01-12,25392.72,Bank Transfer
PA0041,SA0041,SU004,2024-02-04,25890.74,Bank Transfer
PA0042,SA0042,SU007,2024-02-04,7626.36,Credit
PA0043,SA0043,SU006,2024-01-06,22363.41,Credit
PA0044,SA0044,SU002,2024-01-16,20565.06,Cash
PA0045,SA0045,SU008,2024-01-18,25924.070000000003,Cash
PA0046,SA0046,SU009,2024-01-11,21531.59,Bank Transfer
PA0047,SA0047,SU003,2024-01-16,6168.0,Credit
PA0048,SA0048,SU004,2024-02-01,12167.62,Mobile Payment
PA0049,SA0049,SU010,2024-02-04,19265.530000000002,Credit
PA0050,SA0050,SU006,2024-02-02,2822.06,Mobile Payment
PA0051,SA0051,SU001,2024-01-20,20277.88,Mobile Payment
PA0052,SA0052,SU009,2024-02-01,3273.4900000000002,Cash
PA0053,SA0053,SU006,2024-01-23,26825.32,Credit
PA0054,SA0054,SU002,2024-01-29,21430.76,Mobile Payment
PA0055,SA0055,SU005,2024-02-03,26399.300000000003,Mobile Payment
PA0056,SA0056,SU003,2024-01-11,4585.72,Mobile Payment
PA0057,SA0057,SU010,2024-01-29,14828.92,Credit
PA0058,SA0058,SU004,2024-01-12,16905.039999999997,Cash
PA0059,SA0059,SU006,2024-01-27,7610.280000000001,Mobile Payment
PA0060,SA0060,SU009,2024-01-14,25978.769999999997,Bank Transfer
PA0061,SA0061,SU009,2024-01-31,10008.42,Credit
PA0062,SA0062,SU003,2024-01-16,25243.6,Mobile Payment
PA0063,SA0063,SU003,2024-01-26,7144.76,Cash
PA0064,SA0064,SU003,2024-01-20,11313.23,Cash
PA0065,SA0065,SU010,2024-01-24,10980.650000000001,Mobile Payment
PA0066,SA0066,SU007,2024-01-21,15392.58,Credit
PA0067,SA0067,SU005,2024-02-02,856.95,Bank Transfer
PA0068,SA0068,SU005,2024-01-18,16426.809999999998,Cash
PA0069,SA0069,SU006,2024-02-02,23367.63,Credit
PA0070,SA0070,SU005,2024-02-12,21828.309999999998,Cash
PA0071,SA0071,SU009,2024-02-07,24098.82,Mobile Payment
PA0072,SA0072,SU010,2024-01-14,9674.69,Cash
PA0073,SA0073,SU007,2024-01-17,21249.829999999998,Mobile Payment
PA0074,SA0074,SU008,2024-02-02,1399.29,Cash
PA0075,SA0075,SU005,2024-01-14,9160.220000000001,Bank Transfer
PA0076,SA0076,SU007,2024-01-11,5824.77,Credit
PA0077,SA0077,SU001,2024-01-25,28430.21,Credit
PA0078,SA0078,SU007,2024-01-11,11336.460000000001,Bank Transfer
PA0079,SA0079,SU010,2024-02-08,6629.36,Credit
PA0080,SA0080,SU004,2024-01-19,16467.75,Credit
PA0081,SA0081,SU007,2024-02-07,7933.62,Cash
PA0082,SA0082,SU009,2024-01-13,10697.06,Mobile Payment
PA0083,SA0083,SU006,2024-01-08,24630.09,Bank Transfer
PA0084,SA0084,SU010,2024-01-28,29042.34,Cash
PA0085,SA0085,SU005,2024-02-05,13139.17,Credit
PA0086,SA0086,SU007,2024-02-08,9861.359999999999,Mobile Payment
PA0087,SA0087,SU006,2024-01-18,6878.36,Credit
PA0088,SA0088,SU009,2024-01-26,6492.400000000001,Cash
PA0089,SA0089,SU001,2024-02-04,14159.13,Cash
PA0090,SA0090,SU006,2024-02-04,22407.79,Bank Transfer
PA0091,SA0091,SU005,2024-01-09,18780.739999999998,Bank Transfer
PA0092,SA0092,SU004,2024-02-07,11451.18,Bank Transfer
PA0093,SA0093,SU010,2024-01-21,7355.33,Mobile Payment
PA0094,SA0094,SU007,2024-02-07,12429.52,Cash
PA0095,SA0095,SU008,2024-01-28,13979.59,Cash
PA0096,SA0096,SU008,2024-01-20,7045.759999999999,Credit
PA0097,SA0097,SU008,2024-01-24,6285.110000000001,Bank Transfer
PA0098,SA0098,SU006,2024-01-13,738.76,Credit
PA0099,SA0099,SU008,2024-02-01,14566.880000000001,Cash
PA0100,SA0100,SU010,2024-02-02,5156.53,Mobile Payment
PA0101,SA0101,SU004,2024-02-01,20163.539999999997,Mobile Payment
PA0102,SA0102,SU009,2024-01-25,13388.95,Credit
PA0103,SA0103,SU001,2024-02-01,7022.25,Cash
PA0104,SA0104,SU005,2024-02-02,8227.97,Bank Transfer
PA0105,SA0105,SU003,2024-02-04,22097.22,Credit
PA0106,SA0106,SU006,2024-01-24,16054.56,Credit
PA0107,SA0107,SU009,2024-02-03,18462.83,Cash
PA0108,SA0108,SU004,2024-01-28,14584.05,Credit
PA0109,SA0109,SU007,2024-01-31,431.63,Credit
PA0110,SA0110,SU009,2024-01-31,10529.33,Credit
PA0111,SA0111,SU008,2024-02-01,2954.82,Credit
PA0112,SA0112,SU005,2024-01-29,17097.9,Credit
PA0113,SA0113,SU009,2024-01-21,2190.8999999999996,Bank Transfer
PA0114,SA0114,SU010,2024-01-12,2812.2200000000003,Bank Transfer
PA0115,SA0115,SU003,2024-01-28,29965.45,Credit
PA0116,SA0116,SU006,2024-01-12,22520.289999999997,Credit
PA0117,SA0117,SU007,2024-02-07,15515.46,Cash
PA0118,SA0118,SU001,2024-01-26,26528.63,Credit
PA0119,SA0119,SU002,2024-02-02,18118.05,Cash
PA0120,SA0120,SU004,2024-01-06,1662.49,Cash
PA0121,SA0121,SU003,2024-02-05,3709.82,Bank Transfer
PA0122,SA0122,SU005,2024-01-18,17662.100000000002,Credit
PA0123,SA0123,SU007,2024-02-07,13216.939999999999,Credit
PA0124,SA0124,SU008,2024-01-08,17879.78,Mobile Payment
PA0125,SA0125,SU006,2024-01-22,5855.29,Cash
PA0126,SA0126,SU006,2024-01-19,7792.37,Bank Transfer
PA0127,SA0127,SU002,2024-01-08,23217.420000000002,Mobile Payment
PA0128,SA0128,SU006,2024-01-06,5054.320000000001,Bank Transfer
PA0129,SA0129,SU001,2024-01-17,4511.530000000001,Mobile Payment
PA0130,SA0130,SU002,2024-01-25,13206.349999999999,Cash
PA0131,SA0131,SU004,2024-01-30,18393.31,Credit
PA0132,SA0132,SU003,2024-01-15,4414.5,Credit
PA0133,SA0133,SU004,2024-01-27,26711.96,Mobile Payment
PA0134,SA0134,SU004,2024-01-07,19052.22,Credit
PA0135,SA0135,SU009,2024-02-10,11286.92,Bank Transfer
PA0136,SA0136,SU006,2024-02-04,26191.31,Bank Transfer
PA0137,SA0137,SU005,2024-01-08,11910.3,Cash
PA0138,SA0138,SU007,2024-01-25,2519.07,Mobile Payment
PA0139,SA0139,SU009,2024-02-04,28609.51,Bank Transfer
PA0140,SA0140,SU010,2024-01-29,5902.219999999999,Cash
PA0141,SA0141,SU004,2024-01-12,1006.8600000000001,Bank Transfer
PA0142,SA0142,SU007,2024-01-23,19096.72,Bank Transfer
PA0143,SA0143,SU001,2024-01-24,8736.16,Credit
PA0144,SA0144,SU006,2024-01-27,20335.65,Cash
PA0145,SA0145,SU006,2024-01-31,15732.84,Cash
PA0146,SA0146,SU006,2024-01-24,26905.12,Mobile Payment
PA0147,SA0147,SU006,2024-01-28,8455.66,Cash
PA0148,SA0148,SU005,2024-01-19,15651.19,Credit
PA0149,SA0149,SU006,2024-01-27,19796.98,Credit
PA0150,SA0150,SU010,2024-01-29,24726.32,Mobile Payment
PA0151,SA0151,SU008,2024-01-20,10364.15,Cash
PA0152,SA0152,SU007,2024-01-18,12907.33,Bank Transfer
PA0153,SA0153,SU004,2024-01-24,6563.69,Credit
PA0154,SA0154,SU004,2024-01-16,15729.92,Cash
PA0155,SA0155,SU010,2024-01-15,17254.93,Bank Transfer
PA0156,SA0156,SU010,2024-01-24,13802.279999999999,Bank Transfer
PA0157,SA0157,SU004,2024-02-04,7765.58,Credit
PA0158,SA0158,SU004,2024-01-25,10237.65,Cash
PA0159,SA0159,SU009,2024-01-19,11288.039999999999,Mobile Payment
PA0160,SA0160,SU009,2024-01-23,884.5600000000001,Cash
PA0161,SA0161,SU009,2024-02-04,20029.71,Mobile Payment
PA0162,SA0162,SU004,2024-01-18,16858.45,Cash
PA0163,SA0163,SU005,2024-02-01,15141.0,Bank Transfer
PA0164,SA0164,SU001,2024-02-04,13823.039999999999,Mobile Payment
PA0165,SA0165,SU005,2024-01-22,6504.01,Cash
PA0166,SA0166,SU001,2024-01-29,29162.18,Mobile Payment
PA0167,SA0167,SU004,2024-01-20,23545.38,Cash
PA0168,SA0168,SU009,2024-01-11,12706.08,Mobile Payment
PA0169,SA0169,SU004,2024-02-03,17465.16,Mobile Payment
PA0170,SA0170,SU010,2024-01-19,25658.86,Mobile Payment
PA0171,SA0171,SU005,2024-02-05,2570.57,Mobile Payment
PA0172,SA0172,SU005,2024-01-09,33619.5,Bank Transfer
PA0173,SA0173,SU010,2024-01-28,2999.0699999999997,Cash
PA0174,SA0174,SU008,2024-01-11,2280.25,Credit
PA0175,SA0175,SU006,2024-01-13,15610.210000000001,Bank Transfer
PA0176,SA0176,SU004,2024-02-05,24762.57,Mobile Payment
PA0177,SA0177,SU007,2024-01-15,12642.52,Credit
PA0178,SA0178,SU001,2024-01-09,1915.71,Mobile Payment
PA0179,SA0179,SU010,2024-02-05,10003.71,Cash
PA0180,SA0180,SU001,2024-02-04,9343.28,Bank Transfer
PA0181,SA0181,SU004,2024-01-12,10740.28,Cash
PA0182,SA0182,SU010,2024-01-31,15263.5,Bank Transfer
PA0183,SA0183,SU001,2024-01-07,2389.8700000000003,Bank Transfer
PA0184,SA0184,SU006,2024-01-21,20196.920000000002,Credit
PA0185,SA0185,SU005,2024-01-17,290.03999999999996,Bank Transfer
PA0186,SA0186,SU002,2024-01-13,18596.8,Cash
PA0187,SA0187,SU003,2024-01-20,1071.35,Credit
PA0188,SA0188,SU007,2024-01-07,6683.23,Mobile Payment
PA0189,SA0189,SU005,2024-01-26,9631.800000000001,Cash
PA0190,SA0190,SU001,2024-02-01,22987.440000000002,Cash
PA0191,SA0191,SU006,2024-01-25,15851.71,Bank Transfer
PA0192,SA0192,SU004,2024-02-02,1594.76,Mobile Payment
PA0193,SA0193,SU006,2024-01-13,11167.06,Credit
PA0194,SA0194,SU008,2024-01-27,17949.89,Mobile Payment
PA0195,SA0195,SU008,2024-01-18,17502.5,Credit
PA0196,SA0196,SU010,2024-01-22,1763.28,Bank Transfer
PA0197,SA0197,SU006,2024-01-12,11501.33,Mobile Payment
PA0198,SA0198,SU010,2024-01-14,10868.679999999998,Bank Transfer
PA0199,SA0199,SU008,2024-01-09,9294.45,Credit
PA0200,SA0200,SU009,2024-02-08,9956.81,Cash
PA0201,SA0201,SU003,2024-02-02,14520.300000000001,Cash
PA0202,SA0202,SU009,2024-01-30,9795.74,Credit
PA0203,SA0203,SU007,2024-01-15,16919.710000000003,Mobile Payment
PA0204,SA0204,SU007,2024-01-13,5059.389999999999,Cash
PA0205,SA0205,SU008,2024-02-04,9754.22,Bank Transfer
PA0206,SA0206,SU006,2024-02-03,4875.04,Credit
PA0207,SA0207,SU005,2024-01-28,11787.439999999999,Cash
PA0208,SA0208,SU009,2024-01-26,6683.4400000000005,Bank Transfer
PA0209,SA0209,SU006,2024-01-04,44.34,Mobile Payment
PA0210,SA0210,SU006,2024-01-10,17864.31,Mobile Payment
PA0211,SA0211,SU002,2024-02-04,24678.85,Mobile Payment
PA0212,SA0212,SU003,2024-01-09,15117.98,Cash
PA0213,SA0213,SU010,2024-01-09,2896.83,Credit
PA0214,SA0214,SU006,2024-02-10,26474.309999999998,Mobile Payment
PA0215,SA0215,SU004,2024-01-17,5669.7300000000005,Credit
PA0216,SA0216,SU010,2024-01-13,5682.38,Mobile Payment
PA0217,SA0217,SU004,2024-01-24,12789.29,Credit
PA0218,SA0218,SU005,2024-01-31,11669.369999999999,Mobile Payment
PA0219,SA0219,SU002,2024-01-19,33854.5,Mobile Payment
PA0220,SA0220,SU007,2024-01-16,1983.8100000000002,Credit
PA0221,SA0221,SU005,2024-01-27,15246.06,Cash
PA0222,SA0222,SU006,2024-02-11,2610.5299999999997,Mobile Payment
PA0223,SA0223,SU001,2024-01-10,13939.93,Cash
PA0224,SA0224,SU003,2024-01-21,20949.789999999997,Bank Transfer
PA0225,SA0225,SU001,2024-01-22,22394.0,Credit
PA0226,SA0226,SU001,2024-01-11,17232.87,Credit
PA0227,SA0227,SU005,2024-01-17,3099.2799999999997,Bank Transfer
PA0228,SA0228,SU008,2024-02-02,4674.6,Credit
PA0229,SA0229,SU003,2024-01-28,426.26,Mobile Payment
PA0230,SA0230,SU008,2024-01-27,23292.06,Cash
PA0231,SA0231,SU008,2024-01-20,10013.09,Cash
PA0232,SA0232,SU007,2024-01-23,29103.48,Cash
PA0233,SA0233,SU005,2024-01-10,7866.360000000001,Mobile Payment
PA0234,SA0234,SU005,2024-01-26,4213.27,Cash
PA0235,SA0235,SU005,2024-01-24,9340.43,Cash
PA0236,SA0236,SU010,2024-01-06,13303.36,Mobile Payment
PA0237,SA0237,SU008,2024-01-19,15116.72,Credit
PA0238,SA0238,SU008,2024-01-11,25352.15,Mobile Payment
PA0239,SA0239,SU003,2024-01-11,13709.140000000001,Credit
PA0240,SA0240,SU007,2024-01-09,805.82,Bank Transfer
PA0241,SA0241,SU008,2024-01-11,13239.25,Mobile Payment
PA0242,SA0242,SU001,2024-01-21,28152.24,Cash
PA0243,SA0243,SU001,2024-01-07,5229.570000000001,Mobile Payment
PA0244,SA0244,SU002,2024-01-18,18482.55,Mobile Payment
PA0245,SA0245,SU009,2024-01-31,15131.65,Mobile Payment
PA0246,SA0246,SU008,2024-01-23,16828.469999999998,Mobile Payment
PA0247,SA0247,SU003,2024-01-20,6135.2300000000005,Mobile Payment
PA0248,SA0248,SU001,2024-01-27,17837.61,Bank Transfer
PA0249,SA0249,SU001,2024-01-27,14344.26,Bank Transfer
PA0250,SA0250,SU008,2024-01-23,3339.6,Cash
PA0251,SA0251,SU006,2024-02-05,15472.34,Cash
PA0252,SA0252,SU006,2024-01-18,7659.39,Mobile Payment
PA0253,SA0253,SU001,2024-01-20,11999.41,Credit
PA0254,SA0254,SU010,2024-02-01,8946.880000000001,Mobile Payment
PA0255,SA0255,SU009,2024-01-23,16406.36,Cash
PA0256,SA0256,SU007,2024-01-25,10279.3,Cash
PA0257,SA0257,SU007,2024-01-13,13148.18,Mobile Payment
PA0258,SA0258,SU004,2024-01-20,9765.730000000001,Cash
PA0259,SA0259,SU009,2024-01-23,21052.12,Cash
PA0260,SA0260,SU001,2024-01-22,20347.73,Bank Transfer
PA0261,SA0261,SU005,2024-02-01,15759.67,Mobile Payment
PA0262,SA0262,SU006,2024-01-12,15750.72,Mobile Payment
PA0263,SA0263,SU004,2024-01-31,7102.32,Mobile Payment
PA0264,SA0264,SU003,2024-02-03,13604.449999999999,Cash
PA0265,SA0265,SU002,2024-02-04,9258.08,Cash
PA0266,SA0266,SU009,2024-01-28,29033.82,Cash
PA0267,SA0267,SU002,2024-02-04,6588.11,Bank Transfer
PA0268,SA0268,SU010,2024-01-16,2617.6,Cash
PA0269,SA0269,SU002,2024-02-06,12113.06,Mobile Payment
PA0270,SA0270,SU009,2024-01-31,12450.26,Credit
PA0271,SA0271,SU009,2024-01-18,17820.54,Mobile Payment
PA0272,SA0272,SU001,2024-02-06,222.92000000000002,Credit
PA0273,SA0273,SU003,2024-01-19,16809.26,Mobile Payment
PA0274,SA0274,SU007,2024-01-22,22929.68,Cash
PA0275,SA0275,SU007,2024-01-26,28546.22,Bank Transfer
PA0276,SA0276,SU002,2024-01-16,1700.75,Mobile Payment
PA0277,SA0277,SU006,2024-02-01,29674.879999999997,Mobile Payment
PA0278,SA0278,SU007,2024-01-21,6314.0,Cash
PA0279,SA0279,SU001,2024-01-22,17904.63,Cash
PA0280,SA0280,SU002,2024-02-06,12120.76,Credit
PA0281,SA0281,SU010,2024-02-03,25218.230000000003,Bank Transfer
PA0282,SA0282,SU005,2024-01-18,3632.4900000000002,Bank Transfer
PA0283,SA0283,SU010,2024-02-02,6794.18,Bank Transfer
PA0284,SA0284,SU007,2024-01-13,3125.13,Mobile Payment
PA0285,SA0285,SU008,2024-02-07,10913.27,Credit
PA0286,SA0286,SU007,2024-01-16,16495.11,Bank Transfer
PA0287,SA0287,SU010,2024-01-21,16724.83,Mobile Payment
PA0288,SA0288,SU004,2024-01-23,4807.59,Cash
PA0289,SA0289,SU002,2024-01-15,4136.37,Credit
PA0290,SA0290,SU009,2024-01-23,19288.41,Credit
PA0291,SA0291,SU005,2024-02-07,28155.79,Mobile Payment
PA0292,SA0292,SU005,2024-01-23,24843.52,Mobile Payment
PA0293,SA0293,SU001,2024-01-21,2024.15,Cash
PA0294,SA0294,SU006,2024-01-07,15872.400000000001,Credit
PA0295,SA0295,SU010,2024-01-28,13658.16,Credit
PA0296,SA0296,SU005,2024-01-18,10826.83,Cash
PA0297,SA0297,SU010,2024-01-10,9243.02,Mobile Payment
PA0298,SA0298,SU004,2024-01-24,2489.8399999999997,Mobile Payment
PA0299,SA0299,SU002,2024-01-28,25841.79,Bank Transfer
PA0300,SA0300,SU004,2024-02-08,25760.89,Mobile Payment
PA0301,SA0301,SU002,2024-02-03,8771.09,Credit
PA0302,SA0302,SU010,2024-01-27,22688.25,Credit
PA0303,SA0303,SU001,2024-01-31,14627.12,Cash
PA0304,SA0304,SU005,2024-01-30,17016.969999999998,Mobile Payment
PA0305,SA0305,SU001,2024-01-18,14969.8,Bank Transfer
PA0306,SA0306,SU008,2024-01-18,10393.16,Cash
PA0307,SA0307,SU004,2024-02-09,8507.439999999999,Mobile Payment
PA0308,SA0308,SU002,2024-02-05,10948.54,Mobile Payment
PA0309,SA0309,SU010,2024-02-04,22541.530000000002,Mobile Payment
PA0310,SA0310,SU010,2024-02-09,33304.6,Bank Transfer
PA0311,SA0311,SU010,2024-01-30,4038.45,Mobile Payment
PA0312,SA0312,SU006,2024-01-16,15707.85,Cash
PA0313,SA0313,SU005,2024-01-29,7985.21,Credit
PA0314,SA0314,SU003,2024-01-26,2265.1200000000003,Credit
PA0315,SA0315,SU001,2024-01-23,25074.51,Credit
PA0316,SA0316,SU004,2024-01-20,17056.850000000002,Bank Transfer
PA0317,SA0317,SU001,2024-01-26,21423.86,Credit
PA0318,SA0318,SU008,2024-01-31,27228.14,Credit
PA0319,SA0319,SU008,2024-02-07,24643.02,Credit
PA0320,SA0320,SU008,2024-02-07,17803.58,Bank Transfer
PA0321,SA0321,SU007,2024-02-04,1461.5,Bank Transfer
PA0322,SA0322,SU007,2024-02-08,8715.92,Credit
PA0323,SA0323,SU001,2024-02-04,16340.090000000002,Mobile Payment
PA0324,SA0324,SU004,2024-01-24,14000.07,Bank Transfer
PA0325,SA0325,SU002,2024-01-26,2684.5,Cash
PA0326,SA0326,SU008,2024-02-07,11879.5,Cash
PA0327,SA0327,SU005,2024-01-08,786.9300000000001,Mobile Payment
PA0328,SA0328,SU005,2024-01-06,2899.67,Mobile Payment
PA0329,SA0329,SU005,2024-02-06,9685.710000000001,Mobile Payment
PA0330,SA0330,SU002,2024-01-10,4788.860000000001,Mobile Payment
PA0331,SA0331,SU007,2024-01-29,21658.809999999998,Credit
PA0332,SA0332,SU008,2024-01-11,8007.79,Mobile Payment
PA0333,SA0333,SU005,2024-01-29,25436.29,Mobile Payment
PA0334,SA0334,SU010,2024-01-26,21683.47,Cash
PA0335,SA0335,SU005,2024-02-05,15113.64,Cash
PA0336,SA0336,SU002,2024-01-19,13021.72,Cash
PA0337,SA0337,SU006,2024-01-22,4707.96,Mobile Payment
PA0338,SA0338,SU006,2024-01-19,7067.360000000001,Credit
PA0339,SA0339,SU003,2024-01-15,25016.859999999997,Mobile Payment
PA0340,SA0340,SU006,2024-01-31,13968.69,Credit
PA0341,SA0341,SU003,2024-01-19,15158.02,Bank Transfer
PA0342,SA0342,SU004,2024-01-27,4572.31,Bank Transfer
PA0343,SA0343,SU005,2024-02-06,12259.03,Cash
PA0344,SA0344,SU001,2024-01-23,1179.39,Cash
PA0345,SA0345,SU008,2024-01-22,28995.93,Credit
PA0346,SA0346,SU003,2024-01-24,15873.32,Cash
PA0347,SA0347,SU006,2024-02-01,25024.54,Credit
PA0348,SA0348,SU008,2024-02-03,11752.66,Bank Transfer
PA0349,SA0349,SU005,2024-02-07,6726.68,Mobile Payment
PA0350,SA0350,SU010,2024-01-13,467.03999999999996,Mobile Payment
PA0351,SA0351,SU010,2024-01-25,29461.32,Cash
PA0352,SA0352,SU009,2024-01-08,9431.37,Mobile Payment
PA0353,SA0353,SU003,2024-01-22,24783.74,Cash
PA0354,SA0354,SU006,2024-02-04,207.62,Mobile Payment
PA0355,SA0355,SU010,2024-02-01,29785.09,Credit
PA0356,SA0356,SU001,2024-01-07,25624.16,Mobile Payment
PA0357,SA0357,SU008,2024-01-16,9456.11,Bank Transfer
PA0358,SA0358,SU009,2024-02-02,22270.300000000003,Cash
PA0359,SA0359,SU005,2024-01-24,11846.26,Bank Transfer
PA0360,SA0360,SU002,2024-01-10,23484.440000000002,Bank Transfer
PA0361,SA0361,SU007,2024-01-22,11507.470000000001,Cash
PA0362,SA0362,SU004,2024-01-11,16115.710000000001,Cash
PA0363,SA0363,SU008,2024-01-19,1223.8100000000002,Bank Transfer
PA0364,SA0364,SU004,2024-02-06,18684.68,Mobile Payment
PA0365,SA0365,SU003,2024-01-16,18744.239999999998,Bank Transfer
PA0366,SA0366,SU007,2024-01-27,26343.59,Mobile Payment
PA0367,SA0367,SU006,2024-01-28,20327.94,Credit
PA0368,SA0368,SU008,2024-01-21,7260.08,Cash
PA0369,SA0369,SU006,2024-01-20,6589.4,Cash
PA0370,SA0370,SU005,2024-02-03,11553.91,Credit
PA0371,SA0371,SU007,2024-02-03,10142.43,Cash
PA0372,SA0372,SU006,2024-01-15,18993.04,Credit
PA0373,SA0373,SU004,2024-01-11,7584.85,Cash
PA0374,SA0374,SU003,2024-01-23,4433.34,Bank Transfer
PA0375,SA0375,SU002,2024-01-15,259.64,Cash
PA0376,SA0376,SU004,2024-01-26,6872.03,Mobile Payment
PA0377,SA0377,SU007,2024-01-20,2372.76,Credit
PA0378,SA0378,SU008,2024-02-03,19282.199999999997,Mobile Payment
PA0379,SA0379,SU003,2024-01-19,10902.61,Bank Transfer
PA0380,SA0380,SU005,2024-02-07,3285.57,Cash
PA0381,SA0381,SU007,2024-02-06,21416.68,Cash
PA0382,SA0382,SU003,2024-02-09,13811.81,Bank Transfer
PA0383,SA0383,SU005,2024-01-12,11775.949999999999,Bank Transfer
PA0384,SA0384,SU007,2024-02-06,2080.79,Mobile Payment
PA0385,SA0385,SU009,2024-01-24,9402.2,Cash
PA0386,SA0386,SU005,2024-01-19,23480.05,Bank Transfer
PA0387,SA0387,SU005,2024-02-04,23877.45,Mobile Payment
PA0388,SA0388,SU008,2024-01-06,16832.12,Bank Transfer
PA0389,SA0389,SU010,2024-02-01,11663.18,Cash
PA0390,SA0390,SU010,2024-01-25,12677.16,Credit
PA0391,SA0391,SU007,2024-02-03,1031.99,Mobile Payment
PA0392,SA0392,SU010,2024-02-02,22011.06,Mobile Payment
PA0393,SA0393,SU004,2024-01-07,10159.949999999999,Bank Transfer
PA0394,SA0394,SU009,2024-01-18,19906.8,Mobile Payment
PA0395,SA0395,SU006,2024-02-11,13169.890000000001,Mobile Payment
PA0396,SA0396,SU002,2024-01-19,16647.74,Credit
PA0397,SA0397,SU010,2024-01-06,6745.09,Credit
PA0398,SA0398,SU008,2024-01-14,16540.22,Cash
PA0399,SA0399,SU001,2024-01-14,24882.63,Cash
PA0400,SA0400,SU008,2024-01-23,11769.87,Mobile Payment
PA0401,SA0401,SU010,2024-02-13,11603.76,Cash
PA0402,SA0402,SU002,2024-01-14,1333.28,Mobile Payment
PA0403,SA0403,SU010,2024-02-09,14087.67,Credit
PA0404,SA0404,SU009,2024-02-05,17259.56,Bank Transfer
PA0405,SA0405,SU004,2024-01-28,13976.060000000001,Mobile Payment
PA0406,SA0406,SU002,2024-01-11,22996.66,Bank Transfer
PA0407,SA0407,SU009,2024-01-25,24215.170000000002,Bank Transfer
PA0408,SA0408,SU007,2024-02-08,1490.85,Cash
PA0409,SA0409,SU006,2024-02-02,22351.33,Cash
PA0410,SA0410,SU010,2024-02-01,1756.44,Mobile Payment
PA0411,SA0411,SU002,2024-01-15,6954.8,Credit
PA0412,SA0412,SU003,2024-01-13,12050.4,Bank Transfer
PA0413,SA0413,SU007,2024-01-12,456.64,Bank Transfer
PA0414,SA0414,SU007,2024-02-01,3933.87,Bank Transfer
PA0415,SA0415,SU006,2024-01-17,18879.210000000003,Bank Transfer
PA0416,SA0416,SU005,2024-01-23,19166.690000000002,Credit
PA0417,SA0417,SU010,2024-01-14,12467.63,Bank Transfer
PA0418,SA0418,SU001,2024-02-03,556.72,Mobile Payment
PA0419,SA0419,SU008,2024-01-19,2822.24,Cash
PA0420,SA0420,SU006,2024-01-24,6961.3099999999995,Credit
PA0421,SA0421,SU003,2024-01-29,12097.800000000001,Mobile Payment
PA0422,SA0422,SU004,2024-01-13,4201.63,Bank Transfer
PA0423,SA0423,SU008,2024-01-17,27373.2,Cash
PA0424,SA0424,SU001,2024-02-09,23559.75,Credit
PA0425,SA0425,SU009,2024-02-03,4442.5,Bank Transfer
PA0426,SA0426,SU002,2024-01-18,5710.78,Cash
PA0427,SA0427,SU002,2024-01-24,3542.29,Cash
PA0428,SA0428,SU010,2024-01-29,7448.139999999999,Bank Transfer
PA0429,SA0429,SU008,2024-02-03,13686.94,Mobile Payment
PA0430,SA0430,SU008,2024-01-29,17397.87,Cash
PA0431,SA0431,SU002,2024-01-10,290.47,Cash
PA0432,SA0432,SU003,2024-01-07,15666.2,Bank Transfer
PA0433,SA0433,SU006,2024-02-08,15625.26,Mobile Payment
PA0434,SA0434,SU010,2024-02-02,17346.030000000002,Cash
PA0435,SA0435,SU007,2024-01-13,8191.210000000001,Mobile Payment
PA0436,SA0436,SU006,2024-01-24,2955.04,Mobile Payment
PA0437,SA0437,SU009,2024-01-20,5065.2699999999995,Mobile Payment
PA0438,SA0438,SU003,2024-02-01,13554.53,Credit
PA0439,SA0439,SU010,2024-01-28,26667.52,Credit
PA0440,SA0440,SU006,2024-01-19,15251.61,Cash
PA0441,SA0441,SU003,2024-01-16,16761.239999999998,Cash
PA0442,SA0442,SU009,2024-01-20,10243.03,Bank Transfer
PA0443,SA0443,SU003,2024-02-04,17105.15,Cash
PA0444,SA0444,SU002,2024-01-30,5730.299999999999,Mobile Payment
PA0445,SA0445,SU010,2024-01-30,6372.429999999999,Credit
PA0446,SA0446,SU008,2024-01-16,1706.1399999999999,Cash
PA0447,SA0447,SU004,2024-01-17,12719.66,Credit
PA0448,SA0448,SU004,2024-01-21,19000.09,Credit
PA0449,SA0449,SU005,2024-01-15,20690.95,Bank Transfer
PA0450,SA0450,SU009,2024-01-30,10856.75,Cash
PA0451,SA0451,SU004,2024-01-31,382.09000000000003,Mobile Payment
PA0452,SA0452,SU010,2024-01-28,20765.73,Credit
PA0453,SA0453,SU005,2024-01-20,17990.39,Cash
PA0454,SA0454,SU006,2024-02-01,12106.68,Credit
PA0455,SA0455,SU006,2024-01-22,9031.3,Credit
PA0456,SA0456,SU009,2024-01-18,29266.35,Mobile Payment
PA0457,SA0457,SU009,2024-02-03,4315.71,Cash
PA0458,SA0458,SU010,2024-02-08,5116.0599999999995,Cash
PA0459,SA0459,SU002,2024-01-27,18083.97,Cash
PA0460,SA0460,SU002,2024-01-24,9462.859999999999,Mobile Payment
PA0461,SA0461,SU003,2024-02-02,5178.9400000000005,Cash
PA0462,SA0462,SU001,2024-01-11,14667.19,Cash
PA0463,SA0463,SU002,2024-01-31,19284.71,Cash
PA0464,SA0464,SU007,2024-01-16,17456.68,Bank Transfer
PA0465,SA0465,SU004,2024-01-19,576.0500000000001,Mobile Payment
PA0466,SA0466,SU006,2024-02-02,10784.61,Mobile Payment
PA0467,SA0467,SU005,2024-02-02,4114.5,Credit
PA0468,SA0468,SU005,2024-01-18,16150.12,Bank Transfer
PA0469,SA0469,SU004,2024-01-16,3519.3500000000004,Cash
PA0470,SA0470,SU009,2024-01-30,2555.4,Credit
PA0471,SA0471,SU010,2024-01-27,18305.670000000002,Credit
PA0472,SA0472,SU006,2024-01-26,34072.579999999994,Bank Transfer
PA0473,SA0473,SU007,2024-01-30,15256.45,Mobile Payment
PA0474,SA0474,SU008,2024-01-10,4159.89,Cash
PA0475,SA0475,SU008,2024-01-25,13999.800000000001,Credit
PA0476,SA0476,SU008,2024-01-28,18080.760000000002,Credit
PA0477,SA0477,SU007,2024-01-19,109.52999999999997,Cash
PA0478,SA0478,SU001,2024-01-20,6565.9,Bank Transfer
PA0479,SA0479,SU001,2024-01-10,6564.599999999999,Mobile Payment
PA0480,SA0480,SU010,2024-01-27,20627.89,Credit
PA0481,SA0481,SU004,2024-02-04,26377.68,Bank Transfer
PA0482,SA0482,SU001,2024-01-22,20012.79,Cash
PA0483,SA0483,SU001,2024-01-26,2921.89,Bank Transfer
PA0484,SA0484,SU009,2024-01-14,3639.4399999999996,Credit
PA0485,SA0485,SU003,2024-01-13,4472.25,Mobile Payment
PA0486,SA0486,SU001,2024-01-20,30418.969999999998,Cash
PA0487,SA0487,SU002,2024-01-13,8553.27,Bank Transfer
PA0488,SA0488,SU008,2024-02-05,29981.25,Mobile Payment
PA0489,SA0489,SU008,2024-01-31,3942.03,Credit
PA0490,SA0490,SU007,2024-01-17,6029.38,Cash
PA0491,SA0491,SU006,2024-01-19,2383.01,Cash
PA0492,SA0492,SU004,2024-02-05,9439.939999999999,Credit
PA0493,SA0493,SU001,2024-02-07,20820.269999999997,Bank Transfer
PA0494,SA0494,SU005,2024-02-06,13848.23,Bank Transfer
PA0495,SA0495,SU004,2024-01-09,6321.76,Cash
PA0496,SA0496,SU006,2024-01-24,14861.810000000001,Bank Transfer
PA0497,SA0497,SU008,2024-01-27,27180.79,Mobile Payment
PA0498,SA0498,SU010,2024-01-07,13264.96,Mobile Payment
PA0499,SA0499,SU007,2024-02-01,4583.61,Mobile Payment
PA0500,SA0500,SU005,2024-02-02,11176.83,Mobile Payment
PA0501,SA0501,SU005,2024-01-11,8703.75,Mobile Payment
PA0502,SA0502,SU006,2024-01-25,26200.539999999997,Bank Transfer
PA0503,SA0503,SU001,2024-01-25,8499.31,Credit
PA0504,SA0504,SU007,2024-02-04,29968.63,Bank Transfer
PA0505,SA0505,SU009,2024-01-08,2622.06,Bank Transfer
PA0506,SA0506,SU004,2024-01-19,4023.6299999999997,Mobile Payment
PA0507,SA0507,SU001,2024-01-21,33040.549999999996,Bank Transfer
PA0508,SA0508,SU002,2024-01-19,14613.22,Mobile Payment
PA0509,SA0509,SU007,2024-01-11,2368.36,Credit
PA0510,SA0510,SU009,2024-02-04,9607.31,Mobile Payment
PA0511,SA0511,SU002,2024-02-03,17329.87,Cash
PA0512,SA0512,SU004,2024-02-09,10454.77,Credit
PA0513,SA0513,SU005,2024-01-13,10434.01,Mobile Payment
PA0514,SA0514,SU005,2024-01-12,11315.94,Cash
PA0515,SA0515,SU002,2024-01-19,10791.039999999999,Bank Transfer
PA0516,SA0516,SU005,2024-02-05,19040.210000000003,Bank Transfer
PA0517,SA0517,SU007,2024-01-23,8802.14,Bank Transfer
PA0518,SA0518,SU006,2024-02-06,1891.9799999999998,Mobile Payment
PA0519,SA0519,SU004,2024-01-28,19131.75,Cash
PA0520,SA0520,SU003,2024-01-30,3846.41,Credit
PA0521,SA0521,SU010,2024-01-13,7525.26,Cash
PA0522,SA0522,SU007,2024-01-15,579.8000000000001,Credit
PA0523,SA0523,SU002,2024-01-30,3774.68,Mobile Payment
PA0524,SA0524,SU002,2024-01-09,12034.19,Mobile Payment
PA0525,SA0525,SU008,2024-01-28,3008.3300000000004,Bank Transfer
PA0526,SA0526,SU005,2024-01-27,7848.150000000001,Bank Transfer
PA0527,SA0527,SU005,2024-01-09,4741.900000000001,Cash
PA0528,SA0528,SU003,2024-02-06,9810.67,Bank Transfer
PA0529,SA0529,SU004,2024-02-05,3165.54,Credit
PA0530,SA0530,SU004,2024-02-03,10911.07,Bank Transfer
PA0531,SA0531,SU001,2024-01-21,2019.4900000000002,Bank Transfer
PA0532,SA0532,SU004,2024-01-17,14300.51,Mobile Payment
PA0533,SA0533,SU007,2024-01-18,8112.16,Cash
PA0534,SA0534,SU010,2024-01-31,23150.44,Credit
PA0535,SA0535,SU009,2024-01-24,18571.050000000003,Cash
PA0536,SA0536,SU004,2024-02-01,18749.059999999998,Credit
PA0537,SA0537,SU006,2024-02-03,10294.87,Bank Transfer
PA0538,SA0538,SU008,2024-01-19,23788.32,Mobile Payment
PA0539,SA0539,SU005,2024-02-03,19939.68,Credit
PA0540,SA0540,SU004,2024-01-19,10846.890000000001,Credit
PA0541,SA0541,SU005,2024-02-02,21259.269999999997,Bank Transfer
PA0542,SA0542,SU003,2024-02-03,11253.99,Bank Transfer
PA0543,SA0543,SU008,2024-02-01,6322.66,Credit
PA0544,SA0544,SU001,2024-01-31,23988.86,Bank Transfer
PA0545,SA0545,SU005,2024-02-02,22340.420000000002,Cash
PA0546,SA0546,SU007,2024-01-31,3621.82,Cash
PA0547,SA0547,SU007,2024-01-19,7356.39,Bank Transfer
PA0548,SA0548,SU001,2024-01-20,8896.93,Credit
PA0549,SA0549,SU001,2024-01-20,21168.09,Credit
PA0550,SA0550,SU008,2024-01-24,3114.55,Mobile Payment
PA0551,SA0551,SU008,2024-01-16,18748.21,Bank Transfer
PA0552,SA0552,SU005,2024-01-29,20993.75,Credit
PA0553,SA0553,SU007,2024-02-09,25495.18,Cash
PA0554,SA0554,SU001,2024-01-13,24632.83,Cash
PA0555,SA0555,SU005,2024-01-26,27379.55,Cash
PA0556,SA0556,SU006,2024-01-11,23409.84,Bank Transfer
PA0557,SA0557,SU002,2024-01-30,9313.119999999999,Bank Transfer
PA0558,SA0558,SU006,2024-01-29,15837.82,Cash
PA0559,SA0559,SU006,2024-02-01,6170.450000000001,Mobile Payment
PA0560,SA0560,SU003,2024-02-05,22273.61,Bank Transfer
PA0561,SA0561,SU002,2024-02-04,23362.12,Credit
PA0562,SA0562,SU009,2024-01-28,7434.41,Mobile Payment
PA0563,SA0563,SU008,2024-01-29,10875.09,Credit
PA0564,SA0564,SU009,2024-01-25,5587.629999999999,Credit
PA0565,SA0565,SU002,2024-02-01,5032.929999999999,Cash
PA0566,SA0566,SU002,2024-01-29,7545.84,Mobile Payment
PA0567,SA0567,SU009,2024-01-18,2306.5,Bank Transfer
PA0568,SA0568,SU008,2024-01-15,18139.19,Mobile Payment
PA0569,SA0569,SU009,2024-01-20,1195.76,Credit
PA0570,SA0570,SU002,2024-01-13,3716.16,Cash
PA0571,SA0571,SU005,2024-01-10,15815.59,Bank Transfer
PA0572,SA0572,SU007,2024-01-09,7109.4,Mobile Payment
PA0573,SA0573,SU003,2024-01-14,9813.43,Credit
PA0574,SA0574,SU008,2024-02-07,25068.21,Bank Transfer
PA0575,SA0575,SU004,2024-01-21,3905.15,Cash
PA0576,SA0576,SU010,2024-01-15,2421.19,Mobile Payment
PA0577,SA0577,SU006,2024-02-05,2454.04,Mobile Payment
PA0578,SA0578,SU002,2024-02-05,24572.37,Credit
PA0579,SA0579,SU008,2024-01-30,6408.150000000001,Cash
PA0580,SA0580,SU006,2024-01-24,9181.57,Cash
PA0581,SA0581,SU008,2024-01-12,30278.38,Bank Transfer
PA0582,SA0582,SU009,2024-02-06,9763.0,Mobile Payment
PA0583,SA0583,SU003,2024-02-07,12991.08,Mobile Payment
PA0584,SA0584,SU001,2024-01-10,26923.149999999998,Bank Transfer
PA0585,SA0585,SU006,2024-02-06,25198.78,Cash
PA0586,SA0586,SU010,2024-01-25,14629.41,Credit
PA0587,SA0587,SU006,2024-02-01,840.38,Cash
PA0588,SA0588,SU005,2024-01-17,4830.68,Cash
PA0589,SA0589,SU009,2024-01-18,6667.11,Cash
PA0590,SA0590,SU006,2024-01-30,4351.67,Bank Transfer
PA0591,SA0591,SU003,2024-02-02,21784.620000000003,Bank Transfer
PA0592,SA0592,SU005,2024-01-28,17814.579999999998,Credit
PA0593,SA0593,SU010,2024-01-30,1851.31,Credit
PA0594,SA0594,SU007,2024-02-08,3070.3199999999997,Cash
PA0595,SA0595,SU007,2024-02-04,8052.639999999999,Bank Transfer
PA0596,SA0596,SU003,2024-02-12,14628.68,Mobile Payment
PA0597,SA0597,SU007,2024-02-04,3732.9500000000003,Cash
PA0598,SA0598,SU003,2024-01-27,18876.83,Cash
PA0599,SA0599,SU007,2024-01-15,9124.67,Credit
PA0600,SA0600,SU001,2024-01-27,9360.9,Cash
PA0601,SA0601,SU005,2024-01-28,13653.0,Mobile Payment
PA0602,SA0602,SU008,2024-02-06,3083.15,Cash
PA0603,SA0603,SU004,2024-01-28,11774.05,Credit
PA0604,SA0604,SU001,2024-02-09,8683.79,Cash
PA0605,SA0605,SU009,2024-01-21,4035.53,Mobile Payment
PA0606,SA0606,SU002,2024-02-12,24509.1,Credit
PA0607,SA0607,SU007,2024-01-29,10449.83,Bank Transfer
PA0608,SA0608,SU008,2024-01-28,4330.9800000000005,Credit
PA0609,SA0609,SU006,2024-01-09,23336.579999999998,Mobile Payment
PA0610,SA0610,SU007,2024-01-15,26080.64,Cash
PA0611,SA0611,SU008,2024-01-22,7396.6,Credit
PA0612,SA0612,SU010,2024-02-05,354.4,Credit
PA0613,SA0613,SU004,2024-01-19,28073.65,Credit
PA0614,SA0614,SU002,2024-01-16,20463.68,Credit
PA0615,SA0615,SU007,2024-01-18,7467.4400000000005,Mobile Payment
PA0616,SA0616,SU007,2024-01-23,12267.49,Credit
PA0617,SA0617,SU001,2024-02-02,24150.16,Cash
PA0618,SA0618,SU002,2024-01-30,16601.870000000003,Mobile Payment
PA0619,SA0619,SU003,2024-01-31,19648.98,Mobile Payment
PA0620,SA0620,SU010,2024-01-15,15559.96,Bank Transfer
PA0621,SA0621,SU002,2024-01-22,9194.0,Cash
PA0622,SA0622,SU007,2024-01-11,19352.77,Cash
PA0623,SA0623,SU009,2024-01-31,1403.34,Credit
PA0624,SA0624,SU008,2024-01-19,16771.670000000002,Credit
PA0625,SA0625,SU002,2024-01-28,26684.96,Bank Transfer
PA0626,SA0626,SU006,2024-01-26,542.31,Credit
PA0627,SA0627,SU005,2024-02-05,8770.98,Credit
PA0628,SA0628,SU009,2024-02-09,15806.06,Cash
PA0629,SA0629,SU003,2024-01-09,24701.219999999998,Bank Transfer
PA0630,SA0630,SU008,2024-01-29,4040.61,Credit
PA0631,SA0631,SU004,2024-01-14,15025.55,Mobile Payment
PA0632,SA0632,SU006,2024-01-11,12792.31,Cash
PA0633,SA0633,SU009,2024-01-31,12595.57,Mobile Payment
PA0634,SA0634,SU006,2024-01-15,9934.75,Cash
PA0635,SA0635,SU003,2024-01-21,9625.880000000001,Bank Transfer
PA0636,SA0636,SU009,2024-01-20,24291.91,Cash
PA0637,SA0637,SU008,2024-01-31,12152.710000000001,Cash
PA0638,SA0638,SU004,2024-02-01,15033.18,Credit
PA0639,SA0639,SU001,2024-01-15,8929.18,Bank Transfer
PA0640,SA0640,SU001,2024-02-03,4984.549999999999,Cash
PA0641,SA0641,SU004,2024-01-07,1325.78,Cash
PA0642,SA0642,SU002,2024-01-13,6828.49,Mobile Payment
PA0643,SA0643,SU009,2024-01-28,7594.88,Bank Transfer
PA0644,SA0644,SU009,2024-01-22,1329.69,Cash
PA0645,SA0645,SU007,2024-02-10,17972.39,Cash
PA0646,SA0646,SU010,2024-01-13,13635.12,Cash
PA0647,SA0647,SU002,2024-02-04,13160.58,Cash
PA0648,SA0648,SU004,2024-01-14,19807.31,Mobile Payment
PA0649,SA0649,SU002,2024-01-10,6187.5,Mobile Payment
PA0650,SA0650,SU010,2024-01-07,1669.3200000000002,Mobile Payment
PA0651,SA0651,SU009,2024-01-25,29125.84,Bank Transfer
PA0652,SA0652,SU008,2024-02-01,13018.390000000001,Mobile Payment
PA0653,SA0653,SU005,2024-01-22,1719.52,Mobile Payment
PA0654,SA0654,SU006,2024-01-11,14690.88,Cash
PA0655,SA0655,SU009,2024-02-07,11390.92,Credit
PA0656,SA0656,SU001,2024-01-30,14574.630000000001,Cash
PA0657,SA0657,SU002,2024-01-12,8858.42,Bank Transfer
PA0658,SA0658,SU003,2024-01-31,12026.16,Credit
PA0659,SA0659,SU004,2024-02-11,3258.3300000000004,Credit
PA0660,SA0660,SU005,2024-02-01,2251.62,Credit
PA0661,SA0661,SU010,2024-01-14,15288.4,Credit
PA0662,SA0662,SU001,2024-02-03,25806.72,Bank Transfer
PA0663,SA0663,SU002,2024-01-22,7168.67,Mobile Payment
PA0664,SA0664,SU002,2024-01-06,22289.6,Mobile Payment
PA0665,SA0665,SU005,2024-01-19,13473.73,Credit
PA0666,SA0666,SU009,2024-01-20,6221.0199999999995,Credit
PA0667,SA0667,SU001,2024-01-24,18680.69,Bank Transfer
PA0668,SA0668,SU005,2024-01-12,5076.080000000001,Cash
PA0669,SA0669,SU008,2024-01-19,12600.65,Credit
PA0670,SA0670,SU010,2024-02-10,1028.05,Bank Transfer
PA0671,SA0671,SU007,2024-02-08,789.0500000000001,Credit
PA0672,SA0672,SU006,2024-01-31,13125.34,Credit
PA0673,SA0673,SU001,2024-02-06,3989.79,Cash
PA0674,SA0674,SU001,2024-01-26,14210.380000000001,Credit
PA0675,SA0675,SU004,2024-01-22,16837.28,Bank Transfer
PA0676,SA0676,SU009,2024-02-02,20373.83,Bank Transfer
PA0677,SA0677,SU004,2024-01-22,6598.07,Cash
PA0678,SA0678,SU004,2024-01-18,9649.05,Bank Transfer
PA0679,SA0679,SU010,2024-01-14,4764.99,Cash
PA0680,SA0680,SU010,2024-01-22,9114.380000000001,Credit
PA0681,SA0681,SU002,2024-01-13,1468.33,Cash
PA0682,SA0682,SU004,2024-01-12,20703.92,Mobile Payment
PA0683,SA0683,SU010,2024-01-24,1775.17,Credit
PA0684,SA0684,SU010,2024-01-22,720.02,Cash
PA0685,SA0685,SU005,2024-02-02,9929.26,Cash
PA0686,SA0686,SU003,2024-02-04,1097.77,Credit
PA0687,SA0687,SU003,2024-01-31,8043.679999999999,Bank Transfer
PA0688,SA0688,SU003,2024-01-21,23739.5,Cash
PA0689,SA0689,SU006,2024-01-12,8073.389999999999,Cash
PA0690,SA0690,SU006,2024-01-12,6304.03,Bank Transfer
PA0691,SA0691,SU006,2024-01-13,10024.08,Bank Transfer
PA0692,SA0692,SU001,2024-02-01,12498.8,Mobile Payment
PA0693,SA0693,SU008,2024-01-08,3546.81,Cash
PA0694,SA0694,SU008,2024-01-11,7815.39,Cash
PA0695,SA0695,SU006,2024-01-27,10036.54,Cash
PA0696,SA0696,SU004,2024-01-27,19900.850000000002,Credit
PA0697,SA0697,SU006,2024-02-02,10491.039999999999,Bank Transfer
PA0698,SA0698,SU001,2024-01-11,10899.23,Mobile Payment
PA0699,SA0699,SU004,2024-01-12,11371.29,Credit
PA0700,SA0700,SU002,2024-01-14,1673.1,Bank Transfer
PA0701,SA0701,SU007,2024-01-07,1675.78,Mobile Payment
PA0702,SA0702,SU010,2024-01-09,8697.83,Cash
PA0703,SA0703,SU003,2024-01-28,10799.839999999998,Cash
PA0704,SA0704,SU007,2024-02-05,8463.63,Cash
PA0705,SA0705,SU007,2024-01-24,12800.199999999999,Mobile Payment
PA0706,SA0706,SU010,2024-01-27,19720.440000000002,Bank Transfer
PA0707,SA0707,SU002,2024-01-10,22294.920000000002,Mobile Payment
PA0708,SA0708,SU005,2024-01-22,467.27,Bank Transfer
PA0709,SA0709,SU010,2024-01-29,13621.65,Credit
PA0710,SA0710,SU003,2024-02-03,30954.379999999997,Cash
PA0711,SA0711,SU002,2024-02-04,13873.0,Cash
PA0712,SA0712,SU007,2024-01-05,10360.279999999999,Credit
PA0713,SA0713,SU010,2024-01-18,25496.6,Bank Transfer
PA0714,SA0714,SU008,2024-01-06,7215.75,Mobile Payment
PA0715,SA0715,SU002,2024-01-19,25782.260000000002,Credit
PA0716,SA0716,SU010,2024-01-11,16356.63,Credit
PA0717,SA0717,SU004,2024-01-25,17883.35,Bank Transfer
PA0718,SA0718,SU006,2024-01-25,5018.33,Cash
PA0719,SA0719,SU004,2024-02-07,7376.54,Mobile Payment
PA0720,SA0720,SU008,2024-01-28,25209.34,Cash
PA0721,SA0721,SU003,2024-01-26,5880.38,Mobile Payment
PA0722,SA0722,SU002,2024-02-05,11227.630000000001,Bank Transfer
PA0723,SA0723,SU009,2024-01-28,8004.95,Credit
PA0724,SA0724,SU006,2024-01-12,17984.1,Cash
PA0725,SA0725,SU001,2024-01-13,26222.800000000003,Cash
PA0726,SA0726,SU005,2024-01-19,14085.25,Cash
PA0727,SA0727,SU005,2024-01-28,14767.640000000001,Mobile Payment
PA0728,SA0728,SU006,2024-01-18,28224.03,Bank Transfer
PA0729,SA0729,SU003,2024-01-06,21152.13,Credit
PA0730,SA0730,SU004,2024-02-08,15426.460000000001,Mobile Payment
PA0731,SA0731,SU009,2024-02-09,9480.17,Cash
PA0732,SA0732,SU006,2024-01-07,8949.13,Cash
PA0733,SA0733,SU009,2024-02-02,22003.670000000002,Cash
PA0734,SA0734,SU002,2024-01-08,5147.160000000001,Credit
PA0735,SA0735,SU006,2024-01-29,13732.03,Mobile Payment
PA0736,SA0736,SU005,2024-01-26,16339.44,Credit
PA0737,SA0737,SU006,2024-02-05,14986.609999999999,Bank Transfer
PA0738,SA0738,SU001,2024-01-11,3898.68,Credit
PA0739,SA0739,SU002,2024-01-22,14828.93,Credit
PA0740,SA0740,SU004,2024-02-02,3190.57,Mobile Payment
PA0741,SA0741,SU002,2024-02-04,8569.05,Mobile Payment
PA0742,SA0742,SU004,2024-01-24,21010.85,Mobile Payment
PA0743,SA0743,SU005,2024-02-04,18954.28,Mobile Payment
PA0744,SA0744,SU001,2024-01-05,16453.260000000002,Bank Transfer
PA0745,SA0745,SU004,2024-01-13,21925.86,Cash
PA0746,SA0746,SU010,2024-01-22,5512.88,Cash
PA0747,SA0747,SU009,2024-01-23,3722.43,Credit
PA0748,SA0748,SU004,2024-01-31,14311.39,Mobile Payment
PA0749,SA0749,SU007,2024-01-16,19109.63,Cash
PA0750,SA0750,SU005,2024-01-18,13583.160000000002,Mobile Payment
PA0751,SA0751,SU005,2024-01-22,22619.52,Cash
PA0752,SA0752,SU010,2024-01-28,10165.46,Mobile Payment
PA0753,SA0753,SU008,2024-01-18,762.51,Credit
PA0754,SA0754,SU007,2024-02-04,952.4300000000001,Mobile Payment
PA0755,SA0755,SU004,2024-01-10,30494.96,Mobile Payment
PA0756,SA0756,SU002,2024-02-03,7646.19,Mobile Payment
PA0757,SA0757,SU002,2024-01-30,30902.29,Mobile Payment
PA0758,SA0758,SU004,2024-01-18,1040.98,Bank Transfer
PA0759,SA0759,SU002,2024-01-23,4167.320000000001,Bank Transfer
PA0760,SA0760,SU007,2024-01-31,26269.420000000002,Bank Transfer
PA0761,SA0761,SU002,2024-02-05,15669.81,Cash
PA0762,SA0762,SU007,2024-01-11,8299.859999999999,Mobile Payment
PA0763,SA0763,SU003,2024-02-02,7374.55,Credit
PA0764,SA0764,SU005,2024-01-28,31102.399999999998,Cash
PA0765,SA0765,SU009,2024-02-11,10258.199999999999,Mobile Payment
PA0766,SA0766,SU002,2024-01-30,13692.94,Bank Transfer
PA0767,SA0767,SU001,2024-01-16,7924.82,Mobile Payment
PA0768,SA0768,SU004,2024-01-15,8374.08,Bank Transfer
PA0769,SA0769,SU006,2024-01-21,2065.0,Bank Transfer
PA0770,SA0770,SU009,2024-02-03,3751.07,Mobile Payment
PA0771,SA0771,SU005,2024-01-29,2391.3100000000004,Cash
PA0772,SA0772,SU004,2024-01-28,20816.29,Bank Transfer
PA0773,SA0773,SU007,2024-01-20,21355.440000000002,Credit
PA0774,SA0774,SU010,2024-02-03,22017.62,Cash
PA0775,SA0775,SU009,2024-01-18,25762.3,Cash
PA0776,SA0776,SU009,2024-02-02,23480.05,Credit
PA0777,SA0777,SU005,2024-01-30,613.19,Mobile Payment
PA0778,SA0778,SU003,2024-01-07,766.02,Credit
PA0779,SA0779,SU010,2024-01-21,1118.15,Cash
PA0780,SA0780,SU008,2024-02-06,17074.49,Credit
PA0781,SA0781,SU001,2024-01-28,17539.109999999997,Credit
PA0782,SA0782,SU010,2024-01-15,7703.17,Bank Transfer
PA0783,SA0783,SU008,2024-01-16,7070.33,Credit
PA0784,SA0784,SU004,2024-01-16,1792.8300000000002,Bank Transfer
PA0785,SA0785,SU004,2024-01-30,6402.96,Cash
PA0786,SA0786,SU008,2024-01-10,8563.43,Mobile Payment
PA0787,SA0787,SU005,2024-01-14,9366.900000000001,Mobile Payment
PA0788,SA0788,SU006,2024-01-29,3020.01,Mobile Payment
PA0789,SA0789,SU006,2024-01-09,23810.22,Mobile Payment
PA0790,SA0790,SU009,2024-02-01,4554.74,Mobile Payment
PA0791,SA0791,SU008,2024-01-10,7703.540000000001,Cash
PA0792,SA0792,SU001,2024-01-16,1560.3000000000002,Mobile Payment
PA0793,SA0793,SU005,2024-01-21,4534.62,Cash
PA0794,SA0794,SU008,2024-02-06,9326.4,Mobile Payment
PA0795,SA0795,SU002,2024-01-28,16634.09,Bank Transfer
PA0796,SA0796,SU008,2024-01-26,9101.93,Cash
PA0797,SA0797,SU002,2024-01-11,25599.72,Bank Transfer
PA0798,SA0798,SU005,2024-02-04,23235.18,Mobile Payment
PA0799,SA0799,SU003,2024-01-29,25551.149999999998,Cash
PA0800,SA0800,SU004,2024-02-03,9451.289999999999,Cash
PA0801,SA0801,SU009,2024-01-15,5334.65,Cash
PA0802,SA0802,SU001,2024-02-01,31032.460000000003,Bank Transfer
PA0803,SA0803,SU010,2024-01-22,2078.48,Credit
PA0804,SA0804,SU008,2024-01-23,11849.230000000001,Cash
PA0805,SA0805,SU002,2024-01-08,4042.4699999999993,Mobile Payment
PA0806,SA0806,SU006,2024-02-08,13113.27,Mobile Payment
PA0807,SA0807,SU004,2024-01-20,866.99,Cash
PA0808,SA0808,SU004,2024-02-01,11691.14,Mobile Payment
PA0809,SA0809,SU002,2024-01-18,33661.69,Mobile Payment
PA0810,SA0810,SU004,2024-02-04,13647.97,Credit
PA0811,SA0811,SU004,2024-01-12,20389.49,Credit
PA0812,SA0812,SU009,2024-01-28,26336.489999999998,Bank Transfer
PA0813,SA0813,SU004,2024-01-16,12178.49,Credit
PA0814,SA0814,SU005,2024-01-19,24077.72,Credit
PA0815,SA0815,SU001,2024-01-21,19934.9,Bank Transfer
PA0816,SA0816,SU010,2024-01-27,24151.33,Bank Transfer
PA0817,SA0817,SU007,2024-01-21,16984.1,Credit
PA0818,SA0818,SU008,2024-01-29,8565.960000000001,Credit
PA0819,SA0819,SU009,2024-01-17,10397.27,Credit
PA0820,SA0820,SU002,2024-01-23,7102.75,Cash
PA0821,SA0821,SU009,2024-01-22,7627.83,Bank Transfer
PA0822,SA0822,SU005,2024-01-18,16738.85,Cash
PA0823,SA0823,SU002,2024-01-29,10318.539999999999,Credit
PA0824,SA0824,SU005,2024-01-23,5905.93,Cash
PA0825,SA0825,SU008,2024-01-24,5354.929999999999,Credit
PA0826,SA0826,SU010,2024-02-08,19430.73,Mobile Payment
PA0827,SA0827,SU002,2024-01-09,4566.7699999999995,Cash
PA0828,SA0828,SU008,2024-01-15,8275.63,Mobile Payment
PA0829,SA0829,SU010,2024-02-03,6079.22,Cash
PA0830,SA0830,SU009,2024-01-28,9639.94,Credit
PA0831,SA0831,SU005,2024-01-24,5645.3,Bank Transfer
PA0832,SA0832,SU006,2024-01-20,11333.730000000001,Cash
PA0833,SA0833,SU001,2024-01-18,12817.01,Bank Transfer
PA0834,SA0834,SU010,2024-01-08,7445.98,Bank Transfer
PA0835,SA0835,SU004,2024-01-11,26954.77,Credit
PA0836,SA0836,SU005,2024-01-14,9675.51,Cash
PA0837,SA0837,SU003,2024-01-28,9139.16,Mobile Payment
PA0838,SA0838,SU010,2024-01-15,7256.88,Cash
PA0839,SA0839,SU007,2024-01-27,5713.030000000001,Bank Transfer
PA0840,SA0840,SU010,2024-01-22,21050.52,Credit
PA0841,SA0841,SU007,2024-01-15,14456.28,Cash
PA0842,SA0842,SU001,2024-01-31,7811.99,Bank Transfer
PA0843,SA0843,SU005,2024-01-06,14372.669999999998,Credit
PA0844,SA0844,SU007,2024-01-12,6578.91,Bank Transfer
PA0845,SA0845,SU010,2024-01-12,15753.57,Mobile Payment
PA0846,SA0846,SU007,2024-01-26,11201.66,Credit
PA0847,SA0847,SU001,2024-02-04,15537.630000000001,Credit
PA0848,SA0848,SU005,2024-01-31,5702.12,Credit
PA0849,SA0849,SU003,2024-01-13,32529.91,Bank Transfer
PA0850,SA0850,SU003,2024-02-04,8218.84,Cash
PA0851,SA0851,SU001,2024-01-10,21212.61,Bank Transfer
PA0852,SA0852,SU009,2024-01-19,12762.33,Cash
PA0853,SA0853,SU009,2024-01-23,6213.78,Bank Transfer
PA0854,SA0854,SU006,2024-01-30,4119.070000000001,Credit
PA0855,SA0855,SU008,2024-01-22,4225.04,Mobile Payment
PA0856,SA0856,SU005,2024-01-24,17587.16,Cash
PA0857,SA0857,SU010,2024-01-29,16579.83,Credit
PA0858,SA0858,SU010,2024-02-01,1881.8100000000002,Credit
PA0859,SA0859,SU003,2024-01-13,21699.13,Cash
PA0860,SA0860,SU006,2024-01-15,8696.349999999999,Credit
PA0861,SA0861,SU003,2024-01-14,10306.27,Cash
PA0862,SA0862,SU003,2024-01-20,1336.54,Credit
PA0863,SA0863,SU001,2024-01-14,9977.6,Credit
PA0864,SA0864,SU007,2024-01-14,18185.850000000002,Credit
PA0865,SA0865,SU006,2024-02-03,13218.75,Mobile Payment
PA0866,SA0866,SU008,2024-01-22,16565.2,Cash
PA0867,SA0867,SU006,2024-01-08,17430.72,Cash
PA0868,SA0868,SU009,2024-02-04,903.5400000000001,Credit
PA0869,SA0869,SU001,2024-02-03,10451.119999999999,Bank Transfer
PA0870,SA0870,SU003,2024-01-21,10442.49,Mobile Payment
PA0871,SA0871,SU004,2024-01-18,15775.16,Credit
PA0872,SA0872,SU010,2024-01-13,13869.77,Mobile Payment
PA0873,SA0873,SU003,2024-02-07,23689.0,Cash
PA0874,SA0874,SU001,2024-01-13,14158.38,Bank Transfer
PA0875,SA0875,SU003,2024-02-02,29555.010000000002,Credit
PA0876,SA0876,SU006,2024-01-14,16220.61,Credit
PA0877,SA0877,SU001,2024-01-26,30877.99,Mobile Payment
PA0878,SA0878,SU003,2024-01-15,3944.88,Bank Transfer
PA0879,SA0879,SU003,2024-01-10,10276.779999999999,Cash
PA0880,SA0880,SU006,2024-01-20,20346.719999999998,Cash
PA0881,SA0881,SU006,2024-01-16,8137.85,Bank Transfer
PA0882,SA0882,SU007,2024-02-04,14773.9,Cash
PA0883,SA0883,SU002,2024-01-17,2507.45,Credit
PA0884,SA0884,SU004,2024-01-19,5006.58,Mobile Payment
PA0885,SA0885,SU003,2024-01-27,17110.04,Bank Transfer
PA0886,SA0886,SU009,2024-01-11,2649.12,Credit
PA0887,SA0887,SU005,2024-01-27,12545.52,Bank Transfer
PA0888,SA0888,SU001,2024-01-14,20700.0,Cash
PA0889,SA0889,SU010,2024-01-13,15493.289999999999,Bank Transfer
PA0890,SA0890,SU003,2024-01-07,9186.61,Credit
PA0891,SA0891,SU007,2024-01-20,15162.38,Credit
PA0892,SA0892,SU007,2024-02-04,15337.84,Credit
PA0893,SA0893,SU001,2024-01-25,4494.2,Bank Transfer
PA0894,SA0894,SU004,2024-01-12,3703.99,Mobile Payment
PA0895,SA0895,SU003,2024-01-19,12740.02,Mobile Payment
PA0896,SA0896,SU006,2024-01-30,13029.89,Cash
PA0897,SA0897,SU009,2024-02-08,1586.2700000000002,Credit
PA0898,SA0898,SU010,2024-01-30,11258.93,Credit
PA0899,SA0899,SU001,2024-01-20,10437.02,Credit
PA0900,SA0900,SU006,2024-02-09,14023.83,Bank Transfer
PA0901,SA0901,SU007,2024-02-01,25613.13,Mobile Payment
PA0902,SA0902,SU007,2024-01-17,26516.46,Bank Transfer
PA0903,SA0903,SU001,2024-01-14,15794.039999999999,Credit
PA0904,SA0904,SU009,2024-02-09,16697.02,Bank Transfer
PA0905,SA0905,SU010,2024-01-26,19957.559999999998,Mobile Payment
PA0906,SA0906,SU001,2024-01-08,3847.59,Cash
PA0907,SA0907,SU006,2024-02-04,22033.850000000002,Bank Transfer
PA0908,SA0908,SU009,2024-02-08,8179.349999999999,Bank Transfer
PA0909,SA0909,SU010,2024-01-31,21501.05,Cash
PA0910,SA0910,SU008,2024-02-01,2108.56,Mobile Payment
PA0911,SA0911,SU006,2024-01-14,4354.110000000001,Mobile Payment
PA0912,SA0912,SU008,2024-01-19,11644.199999999999,Bank Transfer
PA0913,SA0913,SU001,2024-02-03,9087.61,Bank Transfer
PA0914,SA0914,SU005,2024-02-09,29286.8,Mobile Payment
PA0915,SA0915,SU006,2024-01-13,9301.800000000001,Cash
PA0916,SA0916,SU008,2024-01-27,8262.59,Cash
PA0917,SA0917,SU003,2024-01-15,3002.25,Mobile Payment
PA0918,SA0918,SU001,2024-01-23,5266.72,Cash
PA0919,SA0919,SU009,2024-01-28,24386.0,Cash
PA0920,SA0920,SU009,2024-01-21,15333.99,Mobile Payment
PA0921,SA0921,SU006,2024-01-26,5944.38,Mobile Payment
PA0922,SA0922,SU010,2024-01-10,3098.54,Mobile Payment
PA0923,SA0923,SU001,2024-01-12,6468.95,Bank Transfer
PA0924,SA0924,SU002,2024-01-18,11741.210000000001,Bank Transfer
PA0925,SA0925,SU007,2024-01-31,14828.85,Bank Transfer
PA0926,SA0926,SU005,2024-01-26,238.56,Credit
PA0927,SA0927,SU002,2024-01-19,17795.6,Mobile Payment
PA0928,SA0928,SU008,2024-01-18,4889.5599999999995,Mobile Payment
PA0929,SA0929,SU008,2024-01-15,3655.02,Cash
PA0930,SA0930,SU005,2024-01-24,4241.83,Mobile Payment
PA0931,SA0931,SU008,2024-02-04,6814.849999999999,Mobile Payment
PA0932,SA0932,SU006,2024-01-23,19264.399999999998,Mobile Payment
PA0933,SA0933,SU001,2024-01-25,7983.29,Cash
PA0934,SA0934,SU001,2024-01-20,28945.68,Credit
PA0935,SA0935,SU010,2024-02-04,4832.95,Bank Transfer
PA0936,SA0936,SU010,2024-02-05,9919.11,Mobile Payment
PA0937,SA0937,SU009,2024-01-21,5700.92,Credit
PA0938,SA0938,SU006,2024-02-05,14862.710000000001,Mobile Payment
PA0939,SA0939,SU006,2024-01-23,9474.45,Cash
PA0940,SA0940,SU001,2024-01-07,21480.69,Bank Transfer
PA0941,SA0941,SU010,2024-01-31,26448.54,Mobile Payment
PA0942,SA0942,SU009,2024-01-31,13856.95,Mobile Payment
PA0943,SA0943,SU006,2024-01-17,371.5,Mobile Payment
PA0944,SA0944,SU009,2024-01-24,17547.190000000002,Cash
PA0945,SA0945,SU009,2024-01-21,20197.16,Bank Transfer
PA0946,SA0946,SU006,2024-01-12,1703.6699999999998,Credit
PA0947,SA0947,SU009,2024-01-19,7331.27,Bank Transfer
PA0948,SA0948,SU007,2024-01-21,5055.59,Mobile Payment
PA0949,SA0949,SU001,2024-01-18,26117.620000000003,Cash
PA0950,SA0950,SU003,2024-01-19,3815.0,Mobile Payment
PA0951,SA0951,SU008,2024-01-24,5962.01,Bank Transfer
PA0952,SA0952,SU010,2024-01-23,11100.82,Credit
PA0953,SA0953,SU004,2024-01-10,9009.07,Credit
PA0954,SA0954,SU006,2024-02-06,17541.879999999997,Cash
PA0955,SA0955,SU003,2024-01-08,13541.05,Credit
PA0956,SA0956,SU002,2024-02-02,25107.41,Cash
PA0957,SA0957,SU010,2024-01-24,4087.31,Mobile Payment
PA0958,SA0958,SU003,2024-01-10,14014.349999999999,Bank Transfer
PA0959,SA0959,SU007,2024-01-17,16112.76,Bank Transfer
PA0960,SA0960,SU003,2024-01-16,2564.54,Cash
PA0961,SA0961,SU009,2024-01-24,19192.5,Mobile Payment
PA0962,SA0962,SU003,2024-01-28,9352.93,Cash
PA0963,SA0963,SU003,2024-01-30,12013.16,Mobile Payment
PA0964,SA0964,SU006,2024-01-24,11760.75,Bank Transfer
PA0965,SA0965,SU002,2024-02-06,17456.36,Cash
PA0966,SA0966,SU009,2024-02-06,6968.56,Credit
PA0967,SA0967,SU008,2024-02-05,3322.8999999999996,Cash
PA0968,SA0968,SU008,2024-01-16,20183.38,Mobile Payment
PA0969,SA0969,SU001,2024-01-26,1522.73,Credit
PA0970,SA0970,SU004,2024-02-04,6547.63,Cash
PA0971,SA0971,SU004,2024-01-20,23098.940000000002,Cash
PA0972,SA0972,SU002,2024-01-20,13635.480000000001,Bank Transfer
PA0973,SA0973,SU010,2024-01-08,3731.0400000000004,Bank Transfer
PA0974,SA0974,SU003,2024-01-22,7602.71,Mobile Payment
PA0975,SA0975,SU007,2024-01-28,1234.6100000000001,Bank Transfer
PA0976,SA0976,SU002,2024-02-02,12455.33,Bank Transfer
PA0977,SA0977,SU007,2024-02-02,6016.650000000001,Credit
PA0978,SA0978,SU003,2024-01-11,4391.7,Credit
PA0979,SA0979,SU008,2024-01-10,9199.05,Credit
PA0980,SA0980,SU004,2024-01-21,16540.58,Cash
PA0981,SA0981,SU004,2024-01-28,888.01,Cash
PA0982,SA0982,SU005,2024-01-26,14715.25,Credit
PA0983,SA0983,SU002,2024-01-29,841.4199999999998,Bank Transfer
PA0984,SA0984,SU001,2024-02-10,24011.82,Bank Transfer
PA0985,SA0985,SU001,2024-01-26,2828.0,Credit
PA0986,SA0986,SU006,2024-01-25,5179.12,Bank Transfer
PA0987,SA0987,SU008,2024-01-12,31707.96,Credit
PA0988,SA0988,SU007,2024-01-29,9208.42,Bank Transfer
PA0989,SA0989,SU001,2024-01-20,5686.82,Bank Transfer
PA0990,SA0990,SU008,2024-02-06,12978.15,Credit
PA0991,SA0991,SU002,2024-01-21,17984.309999999998,Cash
PA0992,SA0992,SU007,2024-01-21,12515.2,Mobile Payment
PA0993,SA0993,SU003,2024-01-17,3090.3599999999997,Cash
PA0994,SA0994,SU004,2024-02-02,15379.16,Credit
PA0995,SA0995,SU008,2024-01-23,12028.890000000001,Mobile Payment
PA0996,SA0996,SU010,2024-01-30,362.98,Credit
PA0997,SA0997,SU006,2024-01-19,11593.380000000001,Credit
PA0998,SA0998,SU006,2024-02-09,19806.18,Bank Transfer
PA0999,SA0999,SU007,2024-01-09,6364.52,Bank Transfer
PA1000,SA1000,SU007,2024-02-01,5770.120000000001,Credit
