SaleID,OrderID,SaleDate,TotalPrice,Discount,FinalPrice
SA0001,OR0001,2024-01-26,17006.82,8.17,16998.65
SA0002,OR0002,2024-02-01,7181.52,102.14,7079.38
SA0003,OR0003,2024-01-04,3817.19,182.24,3634.95
SA0004,OR0004,2024-01-31,23944.14,55.4,23888.739999999998
SA0005,OR0005,2024-01-24,3407.92,152.66,3255.26
SA0006,OR0006,2024-01-23,21002.79,73.66,20929.13
SA0007,OR0007,2024-01-12,5466.82,180.92,5285.9
SA0008,OR0008,2024-01-25,23163.33,163.76,22999.570000000003
SA0009,OR0009,2024-01-13,15938.29,24.91,15913.380000000001
SA0010,OR0010,2024-02-04,5682.91,4.23,5678.68
SA0011,OR0011,2024-01-07,10867.47,30.31,10837.16
SA0012,OR0012,2024-01-16,801.37,56.26,745.11
SA0013,OR0013,2024-01-31,7632.15,159.61,7472.54
SA0014,OR0014,2024-01-06,19552.31,46.18,19506.13
SA0015,OR0015,2024-01-30,11621.18,83.38,11537.800000000001
SA0016,OR0016,2024-01-14,15314.62,99.83,15214.79
SA0017,OR0017,2024-01-30,2932.82,164.6,2768.2200000000003
SA0018,OR0018,2024-01-20,14603.58,128.7,14474.88
SA0019,OR0019,2024-01-31,14914.12,156.22,14757.900000000001
SA0020,OR0020,2024-01-22,24406.97,158.41,24248.56
SA0021,OR0021,2024-01-12,16369.37,1.17,16368.2
SA0022,OR0022,2024-01-25,10349.77,39.42,10310.35
SA0023,OR0023,2024-01-19,4157.62,101.49,4056.13
SA0024,OR0024,2024-01-26,21446.13,152.81,21293.32
SA0025,OR0025,2024-01-28,8291.08,144.39,8146.69
SA0026,OR0026,2024-01-07,9373.08,86.26,9286.82
SA0027,OR0027,2024-01-26,7887.76,192.8,7694.96
SA0028,OR0028,2024-01-27,9036.95,95.18,8941.77
SA0029,OR0029,2024-01-24,23321.56,179.23,23142.33
SA0030,OR0030,2024-01-24,25804.32,93.05,25711.27
SA0031,OR0031,2024-01-07,16619.77,89.79,16529.98
SA0032,OR0032,2024-01-20,9235.79,156.98,9078.810000000001
SA0033,OR0033,2024-01-09,12532.33,95.2,12437.13
SA0034,OR0034,2024-01-18,21577.25,117.73,21459.52
SA0035,OR0035,2024-01-28,7918.41,6.04,7912.37
SA0036,OR0036,2024-01-26,1338.31,121.7,1216.61
SA0037,OR0037,2024-01-25,5847.7,20.07,5827.63
SA0038,OR0038,2024-01-17,4080.36,101.66,3978.7000000000003
SA0039,OR0039,2024-01-07,16873.82,106.1,16767.72
SA0040,OR0040,2024-01-07,25481.04,88.32,25392.72
SA0041,OR0041,2024-01-28,25927.88,37.14,25890.74
SA0042,OR0042,2024-01-27,7743.96,117.6,7626.36
SA0043,OR0043,2024-01-05,22537.23,173.82,22363.41
SA0044,OR0044,2024-01-14,20672.9,107.84,20565.06
SA0045,OR0045,2024-01-12,26055.08,131.01,25924.070000000003
SA0046,OR0046,2024-01-09,21569.46,37.87,21531.59
SA0047,OR0047,2024-01-15,6280.87,112.87,6168.0
SA0048,OR0048,2024-01-29,12236.18,68.56,12167.62
SA0049,OR0049,2024-01-27,19344.29,78.76,19265.530000000002
SA0050,OR0050,2024-01-26,2865.79,43.73,2822.06
SA0051,OR0051,2024-01-12,20338.52,60.64,20277.88
SA0052,OR0052,2024-01-23,3407.53,134.04,3273.4900000000002
SA0053,OR0053,2024-01-15,26976.73,151.41,26825.32
SA0054,OR0054,2024-01-22,21508.0,77.24,21430.76
SA0055,OR0055,2024-02-02,26564.99,165.69,26399.300000000003
SA0056,OR0056,2024-01-04,4756.59,170.87,4585.72
SA0057,OR0057,2024-01-24,14923.87,94.95,14828.92
SA0058,OR0058,2024-01-10,17054.28,149.24,16905.039999999997
SA0059,OR0059,2024-01-23,7691.64,81.36,7610.280000000001
SA0060,OR0060,2024-01-08,26031.1,52.33,25978.769999999997
SA0061,OR0061,2024-01-25,10159.37,150.95,10008.42
SA0062,OR0062,2024-01-13,25360.21,116.61,25243.6
SA0063,OR0063,2024-01-24,7269.72,124.96,7144.76
SA0064,OR0064,2024-01-13,11489.89,176.66,11313.23
SA0065,OR0065,2024-01-20,11135.37,154.72,10980.650000000001
SA0066,OR0066,2024-01-19,15474.24,81.66,15392.58
SA0067,OR0067,2024-01-30,887.22,30.27,856.95
SA0068,OR0068,2024-01-11,16432.51,5.7,16426.809999999998
SA0069,OR0069,2024-01-28,23431.99,64.36,23367.63
SA0070,OR0070,2024-02-04,21961.01,132.7,21828.309999999998
SA0071,OR0071,2024-01-29,24153.98,55.16,24098.82
SA0072,OR0072,2024-01-12,9866.24,191.55,9674.69
SA0073,OR0073,2024-01-09,21273.12,23.29,21249.829999999998
SA0074,OR0074,2024-01-30,1486.68,87.39,1399.29
SA0075,OR0075,2024-01-13,9289.29,129.07,9160.220000000001
SA0076,OR0076,2024-01-04,5992.96,168.19,5824.77
SA0077,OR0077,2024-01-22,28464.44,34.23,28430.21
SA0078,OR0078,2024-01-03,11401.6,65.14,11336.460000000001
SA0079,OR0079,2024-02-04,6779.23,149.87,6629.36
SA0080,OR0080,2024-01-12,16646.6,178.85,16467.75
SA0081,OR0081,2024-01-31,7967.04,33.42,7933.62
SA0082,OR0082,2024-01-11,10757.6,60.54,10697.06
SA0083,OR0083,2024-01-05,24827.59,197.5,24630.09
SA0084,OR0084,2024-01-23,29128.86,86.52,29042.34
SA0085,OR0085,2024-01-29,13322.75,183.58,13139.17
SA0086,OR0086,2024-01-31,10036.05,174.69,9861.359999999999
SA0087,OR0087,2024-01-17,6895.96,17.6,6878.36
SA0088,OR0088,2024-01-23,6631.85,139.45,6492.400000000001
SA0089,OR0089,2024-01-27,14234.81,75.68,14159.13
SA0090,OR0090,2024-01-26,22468.32,60.53,22407.79
SA0091,OR0091,2024-01-08,18864.05,83.31,18780.739999999998
SA0092,OR0092,2024-02-01,11553.83,102.65,11451.18
SA0093,OR0093,2024-01-15,7532.76,177.43,7355.33
SA0094,OR0094,2024-01-29,12611.09,181.57,12429.52
SA0095,OR0095,2024-01-27,14123.15,143.56,13979.59
SA0096,OR0096,2024-01-19,7194.28,148.52,7045.759999999999
SA0097,OR0097,2024-01-23,6307.85,22.74,6285.110000000001
SA0098,OR0098,2024-01-07,936.42,197.66,738.76
SA0099,OR0099,2024-01-29,14633.43,66.55,14566.880000000001
SA0100,OR0100,2024-01-31,5231.44,74.91,5156.53
SA0101,OR0101,2024-01-29,20255.12,91.58,20163.539999999997
SA0102,OR0102,2024-01-18,13566.83,177.88,13388.95
SA0103,OR0103,2024-01-26,7027.59,5.34,7022.25
SA0104,OR0104,2024-01-28,8228.49,0.52,8227.97
SA0105,OR0105,2024-01-31,22226.7,129.48,22097.22
SA0106,OR0106,2024-01-23,16129.75,75.19,16054.56
SA0107,OR0107,2024-02-02,18519.59,56.76,18462.83
SA0108,OR0108,2024-01-24,14739.58,155.53,14584.05
SA0109,OR0109,2024-01-25,539.22,107.59,431.63
SA0110,OR0110,2024-01-25,10608.15,78.82,10529.33
SA0111,OR0111,2024-01-24,3147.94,193.12,2954.82
SA0112,OR0112,2024-01-28,17124.45,26.55,17097.9
SA0113,OR0113,2024-01-20,2302.43,111.53,2190.8999999999996
SA0114,OR0114,2024-01-08,2961.92,149.7,2812.2200000000003
SA0115,OR0115,2024-01-25,30043.5,78.05,29965.45
SA0116,OR0116,2024-01-11,22700.26,179.97,22520.289999999997
SA0117,OR0117,2024-01-29,15653.74,138.28,15515.46
SA0118,OR0118,2024-01-19,26644.38,115.75,26528.63
SA0119,OR0119,2024-01-24,18183.62,65.57,18118.05
SA0120,OR0120,2024-01-04,1716.68,54.19,1662.49
SA0121,OR0121,2024-02-01,3749.86,40.04,3709.82
SA0122,OR0122,2024-01-09,17793.61,131.51,17662.100000000002
SA0123,OR0123,2024-01-31,13314.97,98.03,13216.939999999999
SA0124,OR0124,2024-01-04,17933.35,53.57,17879.78
SA0125,OR0125,2024-01-18,5895.13,39.84,5855.29
SA0126,OR0126,2024-01-14,7975.98,183.61,7792.37
SA0127,OR0127,2024-01-07,23340.63,123.21,23217.420000000002
SA0128,OR0128,2024-01-03,5209.14,154.82,5054.320000000001
SA0129,OR0129,2024-01-14,4623.68,112.15,4511.530000000001
SA0130,OR0130,2024-01-18,13287.38,81.03,13206.349999999999
SA0131,OR0131,2024-01-27,18427.25,33.94,18393.31
SA0132,OR0132,2024-01-09,4563.23,148.73,4414.5
SA0133,OR0133,2024-01-21,26823.21,111.25,26711.96
SA0134,OR0134,2024-01-05,19128.49,76.27,19052.22
SA0135,OR0135,2024-02-01,11474.33,187.41,11286.92
SA0136,OR0136,2024-01-29,26257.56,66.25,26191.31
SA0137,OR0137,2024-01-06,12037.25,126.95,11910.3
SA0138,OR0138,2024-01-16,2715.75,196.68,2519.07
SA0139,OR0139,2024-01-29,28747.09,137.58,28609.51
SA0140,OR0140,2024-01-22,6082.98,180.76,5902.219999999999
SA0141,OR0141,2024-01-08,1161.39,154.53,1006.8600000000001
SA0142,OR0142,2024-01-14,19291.36,194.64,19096.72
SA0143,OR0143,2024-01-17,8747.85,11.69,8736.16
SA0144,OR0144,2024-01-19,20457.43,121.78,20335.65
SA0145,OR0145,2024-01-30,15795.64,62.8,15732.84
SA0146,OR0146,2024-01-20,26913.96,8.84,26905.12
SA0147,OR0147,2024-01-26,8499.38,43.72,8455.66
SA0148,OR0148,2024-01-10,15654.92,3.73,15651.19
SA0149,OR0149,2024-01-21,19799.35,2.37,19796.98
SA0150,OR0150,2024-01-27,24823.14,96.82,24726.32
SA0151,OR0151,2024-01-18,10474.26,110.11,10364.15
SA0152,OR0152,2024-01-14,13031.5,124.17,12907.33
SA0153,OR0153,2024-01-22,6715.98,152.29,6563.69
SA0154,OR0154,2024-01-08,15779.78,49.86,15729.92
SA0155,OR0155,2024-01-14,17347.95,93.02,17254.93
SA0156,OR0156,2024-01-16,13841.55,39.27,13802.279999999999
SA0157,OR0157,2024-01-30,7943.87,178.29,7765.58
SA0158,OR0158,2024-01-19,10366.56,128.91,10237.65
SA0159,OR0159,2024-01-13,11472.06,184.02,11288.039999999999
SA0160,OR0160,2024-01-17,1076.96,192.4,884.5600000000001
SA0161,OR0161,2024-01-30,20106.91,77.2,20029.71
SA0162,OR0162,2024-01-12,16946.83,88.38,16858.45
SA0163,OR0163,2024-01-29,15148.34,7.34,15141.0
SA0164,OR0164,2024-01-29,14010.99,187.95,13823.039999999999
SA0165,OR0165,2024-01-20,6508.84,4.83,6504.01
SA0166,OR0166,2024-01-20,29186.31,24.13,29162.18
SA0167,OR0167,2024-01-16,23699.48,154.1,23545.38
SA0168,OR0168,2024-01-05,12823.1,117.02,12706.08
SA0169,OR0169,2024-01-26,17621.61,156.45,17465.16
SA0170,OR0170,2024-01-13,25717.0,58.14,25658.86
SA0171,OR0171,2024-02-01,2603.28,32.71,2570.57
SA0172,OR0172,2024-01-08,33661.8,42.3,33619.5
SA0173,OR0173,2024-01-20,3134.16,135.09,2999.0699999999997
SA0174,OR0174,2024-01-10,2354.2,73.95,2280.25
SA0175,OR0175,2024-01-07,15612.19,1.98,15610.210000000001
SA0176,OR0176,2024-02-01,24816.81,54.24,24762.57
SA0177,OR0177,2024-01-14,12764.95,122.43,12642.52
SA0178,OR0178,2024-01-07,2070.61,154.9,1915.71
SA0179,OR0179,2024-02-04,10014.65,10.94,10003.71
SA0180,OR0180,2024-01-26,9353.6,10.32,9343.28
SA0181,OR0181,2024-01-06,10878.69,138.41,10740.28
SA0182,OR0182,2024-01-30,15393.7,130.2,15263.5
SA0183,OR0183,2024-01-04,2553.01,163.14,2389.8700000000003
SA0184,OR0184,2024-01-14,20391.43,194.51,20196.920000000002
SA0185,OR0185,2024-01-09,420.14,130.1,290.03999999999996
SA0186,OR0186,2024-01-07,18709.64,112.84,18596.8
SA0187,OR0187,2024-01-19,1165.35,94.0,1071.35
SA0188,OR0188,2024-01-05,6733.9,50.67,6683.23
SA0189,OR0189,2024-01-19,9752.93,121.13,9631.800000000001
SA0190,OR0190,2024-01-23,23009.15,21.71,22987.440000000002
SA0191,OR0191,2024-01-22,15928.91,77.2,15851.71
SA0192,OR0192,2024-01-27,1627.73,32.97,1594.76
SA0193,OR0193,2024-01-06,11195.14,28.08,11167.06
SA0194,OR0194,2024-01-25,18048.02,98.13,17949.89
SA0195,OR0195,2024-01-14,17696.31,193.81,17502.5
SA0196,OR0196,2024-01-17,1863.92,100.64,1763.28
SA0197,OR0197,2024-01-10,11523.11,21.78,11501.33
SA0198,OR0198,2024-01-08,11029.3,160.62,10868.679999999998
SA0199,OR0199,2024-01-08,9319.62,25.17,9294.45
SA0200,OR0200,2024-01-30,10069.34,112.53,9956.81
SA0201,OR0201,2024-01-25,14678.44,158.14,14520.300000000001
SA0202,OR0202,2024-01-27,9901.18,105.44,9795.74
SA0203,OR0203,2024-01-12,17051.4,131.69,16919.710000000003
SA0204,OR0204,2024-01-08,5113.82,54.43,5059.389999999999
SA0205,OR0205,2024-01-31,9895.46,141.24,9754.22
SA0206,OR0206,2024-01-26,5051.75,176.71,4875.04
SA0207,OR0207,2024-01-27,11906.22,118.78,11787.439999999999
SA0208,OR0208,2024-01-21,6789.68,106.24,6683.4400000000005
SA0209,OR0209,2024-01-03,217.56,173.22,44.34
SA0210,OR0210,2024-01-07,17891.73,27.42,17864.31
SA0211,OR0211,2024-01-31,24801.35,122.5,24678.85
SA0212,OR0212,2024-01-05,15137.14,19.16,15117.98
SA0213,OR0213,2024-01-06,3071.86,175.03,2896.83
SA0214,OR0214,2024-02-01,26503.6,29.29,26474.309999999998
SA0215,OR0215,2024-01-14,5706.17,36.44,5669.7300000000005
SA0216,OR0216,2024-01-12,5837.92,155.54,5682.38
SA0217,OR0217,2024-01-23,12834.18,44.89,12789.29
SA0218,OR0218,2024-01-28,11828.99,159.62,11669.369999999999
SA0219,OR0219,2024-01-14,33896.85,42.35,33854.5
SA0220,OR0220,2024-01-11,2048.88,65.07,1983.8100000000002
SA0221,OR0221,2024-01-20,15281.24,35.18,15246.06
SA0222,OR0222,2024-02-04,2611.18,0.65,2610.5299999999997
SA0223,OR0223,2024-01-05,14134.24,194.31,13939.93
SA0224,OR0224,2024-01-19,21048.6,98.81,20949.789999999997
SA0225,OR0225,2024-01-20,22413.95,19.95,22394.0
SA0226,OR0226,2024-01-06,17328.26,95.39,17232.87
SA0227,OR0227,2024-01-16,3162.37,63.09,3099.2799999999997
SA0228,OR0228,2024-01-31,4736.79,62.19,4674.6
SA0229,OR0229,2024-01-21,599.26,173.0,426.26
SA0230,OR0230,2024-01-21,23323.11,31.05,23292.06
SA0231,OR0231,2024-01-14,10105.62,92.53,10013.09
SA0232,OR0232,2024-01-15,29252.23,148.75,29103.48
SA0233,OR0233,2024-01-07,7997.02,130.66,7866.360000000001
SA0234,OR0234,2024-01-24,4217.76,4.49,4213.27
SA0235,OR0235,2024-01-19,9528.2,187.77,9340.43
SA0236,OR0236,2024-01-04,13407.37,104.01,13303.36
SA0237,OR0237,2024-01-10,15289.72,173.0,15116.72
SA0238,OR0238,2024-01-05,25453.22,101.07,25352.15
SA0239,OR0239,2024-01-09,13747.61,38.47,13709.140000000001
SA0240,OR0240,2024-01-07,900.48,94.66,805.82
SA0241,OR0241,2024-01-05,13306.93,67.68,13239.25
SA0242,OR0242,2024-01-14,28332.22,179.98,28152.24
SA0243,OR0243,2024-01-06,5272.77,43.2,5229.570000000001
SA0244,OR0244,2024-01-16,18557.75,75.2,18482.55
SA0245,OR0245,2024-01-28,15275.71,144.06,15131.65
SA0246,OR0246,2024-01-14,17008.53,180.06,16828.469999999998
SA0247,OR0247,2024-01-18,6274.31,139.08,6135.2300000000005
SA0248,OR0248,2024-01-21,17892.24,54.63,17837.61
SA0249,OR0249,2024-01-23,14344.34,0.08,14344.26
SA0250,OR0250,2024-01-15,3479.62,140.02,3339.6
SA0251,OR0251,2024-01-30,15609.4,137.06,15472.34
SA0252,OR0252,2024-01-14,7702.56,43.17,7659.39
SA0253,OR0253,2024-01-16,12148.95,149.54,11999.41
SA0254,OR0254,2024-01-29,9012.69,65.81,8946.880000000001
SA0255,OR0255,2024-01-14,16416.96,10.6,16406.36
SA0256,OR0256,2024-01-16,10356.06,76.76,10279.3
SA0257,OR0257,2024-01-08,13207.52,59.34,13148.18
SA0258,OR0258,2024-01-12,9839.69,73.96,9765.730000000001
SA0259,OR0259,2024-01-21,21069.92,17.8,21052.12
SA0260,OR0260,2024-01-21,20461.63,113.9,20347.73
SA0261,OR0261,2024-01-23,15808.33,48.66,15759.67
SA0262,OR0262,2024-01-07,15926.58,175.86,15750.72
SA0263,OR0263,2024-01-28,7128.74,26.42,7102.32
SA0264,OR0264,2024-02-01,13660.21,55.76,13604.449999999999
SA0265,OR0265,2024-01-31,9321.63,63.55,9258.08
SA0266,OR0266,2024-01-27,29166.48,132.66,29033.82
SA0267,OR0267,2024-01-31,6722.54,134.43,6588.11
SA0268,OR0268,2024-01-13,2731.45,113.85,2617.6
SA0269,OR0269,2024-01-29,12128.58,15.52,12113.06
SA0270,OR0270,2024-01-25,12552.84,102.58,12450.26
SA0271,OR0271,2024-01-17,17849.55,29.01,17820.54
SA0272,OR0272,2024-01-28,248.78,25.86,222.92000000000002
SA0273,OR0273,2024-01-17,16955.94,146.68,16809.26
SA0274,OR0274,2024-01-14,23014.85,85.17,22929.68
SA0275,OR0275,2024-01-17,28563.33,17.11,28546.22
SA0276,OR0276,2024-01-10,1716.28,15.53,1700.75
SA0277,OR0277,2024-01-28,29822.69,147.81,29674.879999999997
SA0278,OR0278,2024-01-20,6466.09,152.09,6314.0
SA0279,OR0279,2024-01-14,18058.25,153.62,17904.63
SA0280,OR0280,2024-01-28,12233.0,112.24,12120.76
SA0281,OR0281,2024-01-27,25369.33,151.1,25218.230000000003
SA0282,OR0282,2024-01-12,3785.38,152.89,3632.4900000000002
SA0283,OR0283,2024-01-25,6932.18,138.0,6794.18
SA0284,OR0284,2024-01-04,3131.38,6.25,3125.13
SA0285,OR0285,2024-02-03,10978.68,65.41,10913.27
SA0286,OR0286,2024-01-13,16525.95,30.84,16495.11
SA0287,OR0287,2024-01-20,16743.56,18.73,16724.83
SA0288,OR0288,2024-01-17,4903.37,95.78,4807.59
SA0289,OR0289,2024-01-07,4314.78,178.41,4136.37
SA0290,OR0290,2024-01-19,19311.37,22.96,19288.41
SA0291,OR0291,2024-02-01,28250.45,94.66,28155.79
SA0292,OR0292,2024-01-21,24870.86,27.34,24843.52
SA0293,OR0293,2024-01-12,2188.15,164.0,2024.15
SA0294,OR0294,2024-01-04,15930.12,57.72,15872.400000000001
SA0295,OR0295,2024-01-25,13722.61,64.45,13658.16
SA0296,OR0296,2024-01-14,10936.48,109.65,10826.83
SA0297,OR0297,2024-01-09,9393.27,150.25,9243.02
SA0298,OR0298,2024-01-22,2554.95,65.11,2489.8399999999997
SA0299,OR0299,2024-01-25,25941.75,99.96,25841.79
SA0300,OR0300,2024-02-01,25872.59,111.7,25760.89
SA0301,OR0301,2024-01-27,8822.45,51.36,8771.09
SA0302,OR0302,2024-01-18,22812.98,124.73,22688.25
SA0303,OR0303,2024-01-30,14822.34,195.22,14627.12
SA0304,OR0304,2024-01-23,17035.62,18.65,17016.969999999998
SA0305,OR0305,2024-01-12,15168.57,198.77,14969.8
SA0306,OR0306,2024-01-11,10413.93,20.77,10393.16
SA0307,OR0307,2024-02-01,8649.8,142.36,8507.439999999999
SA0308,OR0308,2024-01-31,11007.61,59.07,10948.54
SA0309,OR0309,2024-01-27,22655.99,114.46,22541.530000000002
SA0310,OR0310,2024-01-31,33440.88,136.28,33304.6
SA0311,OR0311,2024-01-25,4226.21,187.76,4038.45
SA0312,OR0312,2024-01-15,15865.2,157.35,15707.85
SA0313,OR0313,2024-01-20,8154.45,169.24,7985.21
SA0314,OR0314,2024-01-19,2288.03,22.91,2265.1200000000003
SA0315,OR0315,2024-01-14,25258.67,184.16,25074.51
SA0316,OR0316,2024-01-11,17151.99,95.14,17056.850000000002
SA0317,OR0317,2024-01-17,21454.86,31.0,21423.86
SA0318,OR0318,2024-01-22,27301.16,73.02,27228.14
SA0319,OR0319,2024-01-29,24655.98,12.96,24643.02
SA0320,OR0320,2024-01-29,17857.43,53.85,17803.58
SA0321,OR0321,2024-01-31,1554.02,92.52,1461.5
SA0322,OR0322,2024-02-03,8819.3,103.38,8715.92
SA0323,OR0323,2024-01-29,16392.56,52.47,16340.090000000002
SA0324,OR0324,2024-01-15,14180.31,180.24,14000.07
SA0325,OR0325,2024-01-19,2766.16,81.66,2684.5
SA0326,OR0326,2024-01-31,11881.82,2.32,11879.5
SA0327,OR0327,2024-01-07,958.72,171.79,786.9300000000001
SA0328,OR0328,2024-01-05,2972.5,72.83,2899.67
SA0329,OR0329,2024-02-01,9720.69,34.98,9685.710000000001
SA0330,OR0330,2024-01-05,4809.77,20.91,4788.860000000001
SA0331,OR0331,2024-01-23,21663.21,4.4,21658.809999999998
SA0332,OR0332,2024-01-06,8066.74,58.95,8007.79
SA0333,OR0333,2024-01-22,25444.89,8.6,25436.29
SA0334,OR0334,2024-01-20,21820.59,137.12,21683.47
SA0335,OR0335,2024-01-31,15195.81,82.17,15113.64
SA0336,OR0336,2024-01-16,13096.06,74.34,13021.72
SA0337,OR0337,2024-01-14,4731.58,23.62,4707.96
SA0338,OR0338,2024-01-17,7125.64,58.28,7067.360000000001
SA0339,OR0339,2024-01-07,25020.01,3.15,25016.859999999997
SA0340,OR0340,2024-01-24,14023.6,54.91,13968.69
SA0341,OR0341,2024-01-13,15346.5,188.48,15158.02
SA0342,OR0342,2024-01-21,4728.6,156.29,4572.31
SA0343,OR0343,2024-02-03,12430.95,171.92,12259.03
SA0344,OR0344,2024-01-21,1267.96,88.57,1179.39
SA0345,OR0345,2024-01-19,29007.84,11.91,28995.93
SA0346,OR0346,2024-01-23,15907.07,33.75,15873.32
SA0347,OR0347,2024-01-29,25049.05,24.51,25024.54
SA0348,OR0348,2024-01-26,11902.4,149.74,11752.66
SA0349,OR0349,2024-02-03,6879.47,152.79,6726.68
SA0350,OR0350,2024-01-06,494.71,27.67,467.03999999999996
SA0351,OR0351,2024-01-19,29570.29,108.97,29461.32
SA0352,OR0352,2024-01-05,9559.58,128.21,9431.37
SA0353,OR0353,2024-01-18,24793.45,9.71,24783.74
SA0354,OR0354,2024-01-28,251.23,43.61,207.62
SA0355,OR0355,2024-01-30,29925.38,140.29,29785.09
SA0356,OR0356,2024-01-06,25658.15,33.99,25624.16
SA0357,OR0357,2024-01-07,9459.82,3.71,9456.11
SA0358,OR0358,2024-01-29,22380.81,110.51,22270.300000000003
SA0359,OR0359,2024-01-18,12023.51,177.25,11846.26
SA0360,OR0360,2024-01-07,23644.13,159.69,23484.440000000002
SA0361,OR0361,2024-01-19,11549.35,41.88,11507.470000000001
SA0362,OR0362,2024-01-04,16163.18,47.47,16115.710000000001
SA0363,OR0363,2024-01-14,1317.89,94.08,1223.8100000000002
SA0364,OR0364,2024-02-03,18869.07,184.39,18684.68
SA0365,OR0365,2024-01-14,18807.64,63.4,18744.239999999998
SA0366,OR0366,2024-01-21,26412.21,68.62,26343.59
SA0367,OR0367,2024-01-27,20442.18,114.24,20327.94
SA0368,OR0368,2024-01-15,7319.98,59.9,7260.08
SA0369,OR0369,2024-01-13,6716.44,127.04,6589.4
SA0370,OR0370,2024-01-25,11674.8,120.89,11553.91
SA0371,OR0371,2024-01-25,10308.14,165.71,10142.43
SA0372,OR0372,2024-01-12,19100.34,107.3,18993.04
SA0373,OR0373,2024-01-10,7731.5,146.65,7584.85
SA0374,OR0374,2024-01-20,4504.57,71.23,4433.34
SA0375,OR0375,2024-01-07,400.33,140.69,259.64
SA0376,OR0376,2024-01-20,6972.07,100.04,6872.03
SA0377,OR0377,2024-01-18,2547.76,175.0,2372.76
SA0378,OR0378,2024-01-26,19366.92,84.72,19282.199999999997
SA0379,OR0379,2024-01-13,10965.79,63.18,10902.61
SA0380,OR0380,2024-02-03,3318.5,32.93,3285.57
SA0381,OR0381,2024-01-31,21472.96,56.28,21416.68
SA0382,OR0382,2024-02-04,13995.57,183.76,13811.81
SA0383,OR0383,2024-01-10,11932.99,157.04,11775.949999999999
SA0384,OR0384,2024-01-29,2156.88,76.09,2080.79
SA0385,OR0385,2024-01-19,9427.43,25.23,9402.2
SA0386,OR0386,2024-01-15,23634.62,154.57,23480.05
SA0387,OR0387,2024-01-26,23986.48,109.03,23877.45
SA0388,OR0388,2024-01-05,16865.95,33.83,16832.12
SA0389,OR0389,2024-01-26,11685.99,22.81,11663.18
SA0390,OR0390,2024-01-17,12752.26,75.1,12677.16
SA0391,OR0391,2024-01-31,1101.34,69.35,1031.99
SA0392,OR0392,2024-01-28,22155.7,144.64,22011.06
SA0393,OR0393,2024-01-04,10209.13,49.18,10159.949999999999
SA0394,OR0394,2024-01-14,20041.71,134.91,19906.8
SA0395,OR0395,2024-02-02,13313.52,143.63,13169.890000000001
SA0396,OR0396,2024-01-18,16742.56,94.82,16647.74
SA0397,OR0397,2024-01-05,6747.06,1.97,6745.09
SA0398,OR0398,2024-01-07,16542.63,2.41,16540.22
SA0399,OR0399,2024-01-09,24892.11,9.48,24882.63
SA0400,OR0400,2024-01-14,11926.87,157.0,11769.87
SA0401,OR0401,2024-02-04,11642.0,38.24,11603.76
SA0402,OR0402,2024-01-09,1412.35,79.07,1333.28
SA0403,OR0403,2024-02-03,14091.15,3.48,14087.67
SA0404,OR0404,2024-02-01,17303.77,44.21,17259.56
SA0405,OR0405,2024-01-27,14134.94,158.88,13976.060000000001
SA0406,OR0406,2024-01-08,23092.92,96.26,22996.66
SA0407,OR0407,2024-01-17,24276.58,61.41,24215.170000000002
SA0408,OR0408,2024-02-01,1620.48,129.63,1490.85
SA0409,OR0409,2024-01-24,22481.49,130.16,22351.33
SA0410,OR0410,2024-01-28,1924.63,168.19,1756.44
SA0411,OR0411,2024-01-06,7000.49,45.69,6954.8
SA0412,OR0412,2024-01-08,12070.23,19.83,12050.4
SA0413,OR0413,2024-01-11,625.38,168.74,456.64
SA0414,OR0414,2024-01-25,4041.04,107.17,3933.87
SA0415,OR0415,2024-01-11,19051.58,172.37,18879.210000000003
SA0416,OR0416,2024-01-22,19313.7,147.01,19166.690000000002
SA0417,OR0417,2024-01-05,12482.14,14.51,12467.63
SA0418,OR0418,2024-01-28,633.39,76.67,556.72
SA0419,OR0419,2024-01-16,2946.87,124.63,2822.24
SA0420,OR0420,2024-01-22,7094.24,132.93,6961.3099999999995
SA0421,OR0421,2024-01-27,12291.28,193.48,12097.800000000001
SA0422,OR0422,2024-01-09,4309.41,107.78,4201.63
SA0423,OR0423,2024-01-14,27411.87,38.67,27373.2
SA0424,OR0424,2024-01-31,23600.89,41.14,23559.75
SA0425,OR0425,2024-01-25,4541.57,99.07,4442.5
SA0426,OR0426,2024-01-11,5830.37,119.59,5710.78
SA0427,OR0427,2024-01-23,3616.29,74.0,3542.29
SA0428,OR0428,2024-01-25,7572.24,124.1,7448.139999999999
SA0429,OR0429,2024-01-26,13740.32,53.38,13686.94
SA0430,OR0430,2024-01-26,17591.19,193.32,17397.87
SA0431,OR0431,2024-01-08,395.17,104.7,290.47
SA0432,OR0432,2024-01-03,15713.77,47.57,15666.2
SA0433,OR0433,2024-02-01,15745.18,119.92,15625.26
SA0434,OR0434,2024-01-31,17468.7,122.67,17346.030000000002
SA0435,OR0435,2024-01-09,8200.36,9.15,8191.210000000001
SA0436,OR0436,2024-01-21,3135.3,180.26,2955.04
SA0437,OR0437,2024-01-19,5105.58,40.31,5065.2699999999995
SA0438,OR0438,2024-01-23,13612.75,58.22,13554.53
SA0439,OR0439,2024-01-26,26861.93,194.41,26667.52
SA0440,OR0440,2024-01-15,15269.94,18.33,15251.61
SA0441,OR0441,2024-01-11,16877.3,116.06,16761.239999999998
SA0442,OR0442,2024-01-13,10259.92,16.89,10243.03
SA0443,OR0443,2024-01-29,17269.22,164.07,17105.15
SA0444,OR0444,2024-01-23,5868.19,137.89,5730.299999999999
SA0445,OR0445,2024-01-29,6434.23,61.8,6372.429999999999
SA0446,OR0446,2024-01-15,1845.12,138.98,1706.1399999999999
SA0447,OR0447,2024-01-15,12810.74,91.08,12719.66
SA0448,OR0448,2024-01-13,19103.27,103.18,19000.09
SA0449,OR0449,2024-01-11,20800.81,109.86,20690.95
SA0450,OR0450,2024-01-28,10957.83,101.08,10856.75
SA0451,OR0451,2024-01-30,475.41,93.32,382.09000000000003
SA0452,OR0452,2024-01-22,20958.46,192.73,20765.73
SA0453,OR0453,2024-01-11,18187.43,197.04,17990.39
SA0454,OR0454,2024-01-27,12262.12,155.44,12106.68
SA0455,OR0455,2024-01-16,9095.96,64.66,9031.3
SA0456,OR0456,2024-01-11,29395.73,129.38,29266.35
SA0457,OR0457,2024-01-31,4454.68,138.97,4315.71
SA0458,OR0458,2024-02-01,5138.95,22.89,5116.0599999999995
SA0459,OR0459,2024-01-19,18140.82,56.85,18083.97
SA0460,OR0460,2024-01-15,9514.38,51.52,9462.859999999999
SA0461,OR0461,2024-01-26,5187.55,8.61,5178.9400000000005
SA0462,OR0462,2024-01-07,14841.57,174.38,14667.19
SA0463,OR0463,2024-01-30,19337.71,53.0,19284.71
SA0464,OR0464,2024-01-13,17609.13,152.45,17456.68
SA0465,OR0465,2024-01-14,631.45,55.4,576.0500000000001
SA0466,OR0466,2024-01-26,10897.37,112.76,10784.61
SA0467,OR0467,2024-01-29,4240.51,126.01,4114.5
SA0468,OR0468,2024-01-16,16252.87,102.75,16150.12
SA0469,OR0469,2024-01-10,3615.82,96.47,3519.3500000000004
SA0470,OR0470,2024-01-28,2633.13,77.73,2555.4
SA0471,OR0471,2024-01-25,18461.15,155.48,18305.670000000002
SA0472,OR0472,2024-01-23,34176.52,103.94,34072.579999999994
SA0473,OR0473,2024-01-27,15445.2,188.75,15256.45
SA0474,OR0474,2024-01-07,4192.47,32.58,4159.89
SA0475,OR0475,2024-01-16,14108.79,108.99,13999.800000000001
SA0476,OR0476,2024-01-22,18142.36,61.6,18080.760000000002
SA0477,OR0477,2024-01-14,280.46,170.93,109.52999999999997
SA0478,OR0478,2024-01-17,6616.15,50.25,6565.9
SA0479,OR0479,2024-01-04,6578.61,14.01,6564.599999999999
SA0480,OR0480,2024-01-23,20648.66,20.77,20627.89
SA0481,OR0481,2024-01-27,26399.64,21.96,26377.68
SA0482,OR0482,2024-01-18,20166.99,154.2,20012.79
SA0483,OR0483,2024-01-25,2962.72,40.83,2921.89
SA0484,OR0484,2024-01-07,3671.95,32.51,3639.4399999999996
SA0485,OR0485,2024-01-07,4592.14,119.89,4472.25
SA0486,OR0486,2024-01-15,30478.96,59.99,30418.969999999998
SA0487,OR0487,2024-01-07,8646.61,93.34,8553.27
SA0488,OR0488,2024-01-31,30103.49,122.24,29981.25
SA0489,OR0489,2024-01-24,4135.34,193.31,3942.03
SA0490,OR0490,2024-01-10,6075.33,45.95,6029.38
SA0491,OR0491,2024-01-15,2497.84,114.83,2383.01
SA0492,OR0492,2024-01-28,9523.06,83.12,9439.939999999999
SA0493,OR0493,2024-02-03,20831.01,10.74,20820.269999999997
SA0494,OR0494,2024-02-02,13924.56,76.33,13848.23
SA0495,OR0495,2024-01-03,6415.22,93.46,6321.76
SA0496,OR0496,2024-01-18,14906.69,44.88,14861.810000000001
SA0497,OR0497,2024-01-26,27339.07,158.28,27180.79
SA0498,OR0498,2024-01-04,13332.75,67.79,13264.96
SA0499,OR0499,2024-01-24,4766.74,183.13,4583.61
SA0500,OR0500,2024-01-24,11280.42,103.59,11176.83
SA0501,OR0501,2024-01-08,8772.56,68.81,8703.75
SA0502,OR0502,2024-01-18,26350.28,149.74,26200.539999999997
SA0503,OR0503,2024-01-17,8524.33,25.02,8499.31
SA0504,OR0504,2024-02-01,30039.07,70.44,29968.63
SA0505,OR0505,2024-01-05,2821.58,199.52,2622.06
SA0506,OR0506,2024-01-18,4112.03,88.4,4023.6299999999997
SA0507,OR0507,2024-01-20,33192.95,152.4,33040.549999999996
SA0508,OR0508,2024-01-13,14790.64,177.42,14613.22
SA0509,OR0509,2024-01-02,2413.94,45.58,2368.36
SA0510,OR0510,2024-02-03,9649.05,41.74,9607.31
SA0511,OR0511,2024-02-02,17448.45,118.58,17329.87
SA0512,OR0512,2024-02-03,10527.45,72.68,10454.77
SA0513,OR0513,2024-01-05,10608.82,174.81,10434.01
SA0514,OR0514,2024-01-09,11510.59,194.65,11315.94
SA0515,OR0515,2024-01-16,10838.05,47.01,10791.039999999999
SA0516,OR0516,2024-01-29,19226.08,185.87,19040.210000000003
SA0517,OR0517,2024-01-19,8847.08,44.94,8802.14
SA0518,OR0518,2024-01-28,2050.18,158.2,1891.9799999999998
SA0519,OR0519,2024-01-21,19298.83,167.08,19131.75
SA0520,OR0520,2024-01-29,3863.83,17.42,3846.41
SA0521,OR0521,2024-01-07,7682.93,157.67,7525.26
SA0522,OR0522,2024-01-09,594.22,14.42,579.8000000000001
SA0523,OR0523,2024-01-23,3917.64,142.96,3774.68
SA0524,OR0524,2024-01-05,12212.9,178.71,12034.19
SA0525,OR0525,2024-01-19,3107.28,98.95,3008.3300000000004
SA0526,OR0526,2024-01-22,7960.34,112.19,7848.150000000001
SA0527,OR0527,2024-01-07,4887.05,145.15,4741.900000000001
SA0528,OR0528,2024-01-29,9843.22,32.55,9810.67
SA0529,OR0529,2024-01-31,3185.71,20.17,3165.54
SA0530,OR0530,2024-01-28,10932.26,21.19,10911.07
SA0531,OR0531,2024-01-16,2159.07,139.58,2019.4900000000002
SA0532,OR0532,2024-01-15,14366.03,65.52,14300.51
SA0533,OR0533,2024-01-13,8298.09,185.93,8112.16
SA0534,OR0534,2024-01-27,23239.05,88.61,23150.44
SA0535,OR0535,2024-01-16,18639.65,68.6,18571.050000000003
SA0536,OR0536,2024-01-23,18887.19,138.13,18749.059999999998
SA0537,OR0537,2024-01-25,10405.27,110.4,10294.87
SA0538,OR0538,2024-01-12,23811.75,23.43,23788.32
SA0539,OR0539,2024-02-02,20054.47,114.79,19939.68
SA0540,OR0540,2024-01-15,10886.85,39.96,10846.890000000001
SA0541,OR0541,2024-01-28,21327.42,68.15,21259.269999999997
SA0542,OR0542,2024-01-28,11346.15,92.16,11253.99
SA0543,OR0543,2024-01-24,6510.61,187.95,6322.66
SA0544,OR0544,2024-01-28,24143.0,154.14,23988.86
SA0545,OR0545,2024-01-25,22368.22,27.8,22340.420000000002
SA0546,OR0546,2024-01-22,3747.63,125.81,3621.82
SA0547,OR0547,2024-01-13,7383.43,27.04,7356.39
SA0548,OR0548,2024-01-17,9056.33,159.4,8896.93
SA0549,OR0549,2024-01-11,21211.79,43.7,21168.09
SA0550,OR0550,2024-01-16,3119.34,4.79,3114.55
SA0551,OR0551,2024-01-13,18892.14,143.93,18748.21
SA0552,OR0552,2024-01-22,21182.29,188.54,20993.75
SA0553,OR0553,2024-02-01,25589.13,93.95,25495.18
SA0554,OR0554,2024-01-11,24831.45,198.62,24632.83
SA0555,OR0555,2024-01-25,27527.96,148.41,27379.55
SA0556,OR0556,2024-01-05,23416.93,7.09,23409.84
SA0557,OR0557,2024-01-21,9380.8,67.68,9313.119999999999
SA0558,OR0558,2024-01-26,15967.08,129.26,15837.82
SA0559,OR0559,2024-01-26,6366.27,195.82,6170.450000000001
SA0560,OR0560,2024-01-30,22365.37,91.76,22273.61
SA0561,OR0561,2024-01-31,23374.14,12.02,23362.12
SA0562,OR0562,2024-01-25,7492.97,58.56,7434.41
SA0563,OR0563,2024-01-20,11072.78,197.69,10875.09
SA0564,OR0564,2024-01-24,5637.48,49.85,5587.629999999999
SA0565,OR0565,2024-01-23,5066.23,33.3,5032.929999999999
SA0566,OR0566,2024-01-22,7705.35,159.51,7545.84
SA0567,OR0567,2024-01-12,2418.5,112.0,2306.5
SA0568,OR0568,2024-01-08,18231.35,92.16,18139.19
SA0569,OR0569,2024-01-16,1293.33,97.57,1195.76
SA0570,OR0570,2024-01-11,3905.41,189.25,3716.16
SA0571,OR0571,2024-01-07,15870.43,54.84,15815.59
SA0572,OR0572,2024-01-04,7169.42,60.02,7109.4
SA0573,OR0573,2024-01-13,9927.4,113.97,9813.43
SA0574,OR0574,2024-01-30,25180.68,112.47,25068.21
SA0575,OR0575,2024-01-14,3918.52,13.37,3905.15
SA0576,OR0576,2024-01-08,2443.36,22.17,2421.19
SA0577,OR0577,2024-02-01,2521.59,67.55,2454.04
SA0578,OR0578,2024-01-30,24731.52,159.15,24572.37
SA0579,OR0579,2024-01-24,6473.38,65.23,6408.150000000001
SA0580,OR0580,2024-01-18,9257.64,76.07,9181.57
SA0581,OR0581,2024-01-11,30459.27,180.89,30278.38
SA0582,OR0582,2024-01-29,9930.55,167.55,9763.0
SA0583,OR0583,2024-02-02,13011.43,20.35,12991.08
SA0584,OR0584,2024-01-08,27027.53,104.38,26923.149999999998
SA0585,OR0585,2024-01-30,25266.98,68.2,25198.78
SA0586,OR0586,2024-01-20,14631.47,2.06,14629.41
SA0587,OR0587,2024-01-30,885.15,44.77,840.38
SA0588,OR0588,2024-01-15,4980.05,149.37,4830.68
SA0589,OR0589,2024-01-13,6826.12,159.01,6667.11
SA0590,OR0590,2024-01-22,4540.25,188.58,4351.67
SA0591,OR0591,2024-01-27,21934.06,149.44,21784.620000000003
SA0592,OR0592,2024-01-27,17828.51,13.93,17814.579999999998
SA0593,OR0593,2024-01-29,1999.04,147.73,1851.31
SA0594,OR0594,2024-02-01,3258.2,187.88,3070.3199999999997
SA0595,OR0595,2024-01-30,8201.4,148.76,8052.639999999999
SA0596,OR0596,2024-02-03,14697.65,68.97,14628.68
SA0597,OR0597,2024-01-30,3921.42,188.47,3732.9500000000003
SA0598,OR0598,2024-01-19,18943.2,66.37,18876.83
SA0599,OR0599,2024-01-07,9165.4,40.73,9124.67
SA0600,OR0600,2024-01-22,9402.59,41.69,9360.9
SA0601,OR0601,2024-01-27,13794.62,141.62,13653.0
SA0602,OR0602,2024-01-30,3159.15,76.0,3083.15
SA0603,OR0603,2024-01-19,11929.17,155.12,11774.05
SA0604,OR0604,2024-02-03,8825.62,141.83,8683.79
SA0605,OR0605,2024-01-12,4163.14,127.61,4035.53
SA0606,OR0606,2024-02-03,24637.34,128.24,24509.1
SA0607,OR0607,2024-01-25,10556.06,106.23,10449.83
SA0608,OR0608,2024-01-23,4460.01,129.03,4330.9800000000005
SA0609,OR0609,2024-01-08,23479.67,143.09,23336.579999999998
SA0610,OR0610,2024-01-07,26241.76,161.12,26080.64
SA0611,OR0611,2024-01-16,7479.35,82.75,7396.6
SA0612,OR0612,2024-01-30,376.44,22.04,354.4
SA0613,OR0613,2024-01-17,28189.74,116.09,28073.65
SA0614,OR0614,2024-01-08,20591.34,127.66,20463.68
SA0615,OR0615,2024-01-13,7592.84,125.4,7467.4400000000005
SA0616,OR0616,2024-01-15,12421.93,154.44,12267.49
SA0617,OR0617,2024-01-26,24237.71,87.55,24150.16
SA0618,OR0618,2024-01-26,16666.74,64.87,16601.870000000003
SA0619,OR0619,2024-01-26,19697.75,48.77,19648.98
SA0620,OR0620,2024-01-12,15717.55,157.59,15559.96
SA0621,OR0621,2024-01-14,9358.32,164.32,9194.0
SA0622,OR0622,2024-01-08,19544.72,191.95,19352.77
SA0623,OR0623,2024-01-29,1567.0,163.66,1403.34
SA0624,OR0624,2024-01-17,16921.88,150.21,16771.670000000002
SA0625,OR0625,2024-01-21,26861.28,176.32,26684.96
SA0626,OR0626,2024-01-20,714.27,171.96,542.31
SA0627,OR0627,2024-02-02,8837.72,66.74,8770.98
SA0628,OR0628,2024-02-04,15841.74,35.68,15806.06
SA0629,OR0629,2024-01-03,24776.3,75.08,24701.219999999998
SA0630,OR0630,2024-01-24,4075.85,35.24,4040.61
SA0631,OR0631,2024-01-08,15177.41,151.86,15025.55
SA0632,OR0632,2024-01-05,12802.81,10.5,12792.31
SA0633,OR0633,2024-01-30,12635.24,39.67,12595.57
SA0634,OR0634,2024-01-08,10024.57,89.82,9934.75
SA0635,OR0635,2024-01-20,9727.85,101.97,9625.880000000001
SA0636,OR0636,2024-01-11,24369.34,77.43,24291.91
SA0637,OR0637,2024-01-24,12176.87,24.16,12152.710000000001
SA0638,OR0638,2024-01-30,15176.79,143.61,15033.18
SA0639,OR0639,2024-01-14,9000.75,71.57,8929.18
SA0640,OR0640,2024-01-28,5060.4,75.85,4984.549999999999
SA0641,OR0641,2024-01-05,1427.57,101.79,1325.78
SA0642,OR0642,2024-01-05,6834.61,6.12,6828.49
SA0643,OR0643,2024-01-24,7709.91,115.03,7594.88
SA0644,OR0644,2024-01-21,1374.72,45.03,1329.69
SA0645,OR0645,2024-02-01,18062.5,90.11,17972.39
SA0646,OR0646,2024-01-05,13676.62,41.5,13635.12
SA0647,OR0647,2024-01-27,13195.86,35.28,13160.58
SA0648,OR0648,2024-01-08,19894.9,87.59,19807.31
SA0649,OR0649,2024-01-06,6385.88,198.38,6187.5
SA0650,OR0650,2024-01-06,1766.45,97.13,1669.3200000000002
SA0651,OR0651,2024-01-21,29297.46,171.62,29125.84
SA0652,OR0652,2024-01-27,13179.11,160.72,13018.390000000001
SA0653,OR0653,2024-01-18,1799.65,80.13,1719.52
SA0654,OR0654,2024-01-05,14867.14,176.26,14690.88
SA0655,OR0655,2024-01-31,11449.87,58.95,11390.92
SA0656,OR0656,2024-01-25,14746.37,171.74,14574.630000000001
SA0657,OR0657,2024-01-04,8934.75,76.33,8858.42
SA0658,OR0658,2024-01-29,12189.97,163.81,12026.16
SA0659,OR0659,2024-02-02,3387.8,129.47,3258.3300000000004
SA0660,OR0660,2024-01-30,2269.79,18.17,2251.62
SA0661,OR0661,2024-01-09,15416.13,127.73,15288.4
SA0662,OR0662,2024-01-25,25919.73,113.01,25806.72
SA0663,OR0663,2024-01-18,7345.25,176.58,7168.67
SA0664,OR0664,2024-01-05,22332.23,42.63,22289.6
SA0665,OR0665,2024-01-13,13636.98,163.25,13473.73
SA0666,OR0666,2024-01-18,6258.54,37.52,6221.0199999999995
SA0667,OR0667,2024-01-16,18718.94,38.25,18680.69
SA0668,OR0668,2024-01-11,5104.06,27.98,5076.080000000001
SA0669,OR0669,2024-01-15,12653.59,52.94,12600.65
SA0670,OR0670,2024-02-01,1146.97,118.92,1028.05
SA0671,OR0671,2024-01-30,870.57,81.52,789.0500000000001
SA0672,OR0672,2024-01-26,13236.5,111.16,13125.34
SA0673,OR0673,2024-01-28,4108.42,118.63,3989.79
SA0674,OR0674,2024-01-19,14389.76,179.38,14210.380000000001
SA0675,OR0675,2024-01-13,17008.46,171.18,16837.28
SA0676,OR0676,2024-02-01,20471.18,97.35,20373.83
SA0677,OR0677,2024-01-18,6786.21,188.14,6598.07
SA0678,OR0678,2024-01-11,9678.25,29.2,9649.05
SA0679,OR0679,2024-01-08,4913.67,148.68,4764.99
SA0680,OR0680,2024-01-15,9129.28,14.9,9114.380000000001
SA0681,OR0681,2024-01-06,1569.02,100.69,1468.33
SA0682,OR0682,2024-01-11,20898.39,194.47,20703.92
SA0683,OR0683,2024-01-17,1898.93,123.76,1775.17
SA0684,OR0684,2024-01-18,720.04,0.02,720.02
SA0685,OR0685,2024-01-26,10119.36,190.1,9929.26
SA0686,OR0686,2024-02-02,1240.15,142.38,1097.77
SA0687,OR0687,2024-01-25,8083.23,39.55,8043.679999999999
SA0688,OR0688,2024-01-14,23785.06,45.56,23739.5
SA0689,OR0689,2024-01-07,8165.94,92.55,8073.389999999999
SA0690,OR0690,2024-01-08,6317.83,13.8,6304.03
SA0691,OR0691,2024-01-08,10166.76,142.68,10024.08
SA0692,OR0692,2024-01-23,12570.15,71.35,12498.8
SA0693,OR0693,2024-01-05,3723.61,176.8,3546.81
SA0694,OR0694,2024-01-05,7903.68,88.29,7815.39
SA0695,OR0695,2024-01-18,10152.93,116.39,10036.54
SA0696,OR0696,2024-01-26,19944.65,43.8,19900.850000000002
SA0697,OR0697,2024-01-28,10491.47,0.43,10491.039999999999
SA0698,OR0698,2024-01-10,11082.24,183.01,10899.23
SA0699,OR0699,2024-01-09,11522.27,150.98,11371.29
SA0700,OR0700,2024-01-11,1684.6,11.5,1673.1
SA0701,OR0701,2024-01-04,1779.32,103.54,1675.78
SA0702,OR0702,2024-01-04,8703.51,5.68,8697.83
SA0703,OR0703,2024-01-19,10973.71,173.87,10799.839999999998
SA0704,OR0704,2024-01-27,8541.56,77.93,8463.63
SA0705,OR0705,2024-01-20,12904.38,104.18,12800.199999999999
SA0706,OR0706,2024-01-23,19903.79,183.35,19720.440000000002
SA0707,OR0707,2024-01-05,22424.97,130.05,22294.920000000002
SA0708,OR0708,2024-01-17,517.02,49.75,467.27
SA0709,OR0709,2024-01-24,13722.33,100.68,13621.65
SA0710,OR0710,2024-02-01,31121.6,167.22,30954.379999999997
SA0711,OR0711,2024-01-26,13873.86,0.86,13873.0
SA0712,OR0712,2024-01-04,10416.3,56.02,10360.279999999999
SA0713,OR0713,2024-01-17,25657.16,160.56,25496.6
SA0714,OR0714,2024-01-02,7341.54,125.79,7215.75
SA0715,OR0715,2024-01-16,25980.18,197.92,25782.260000000002
SA0716,OR0716,2024-01-07,16433.16,76.53,16356.63
SA0717,OR0717,2024-01-21,17894.5,11.15,17883.35
SA0718,OR0718,2024-01-20,5077.48,59.15,5018.33
SA0719,OR0719,2024-01-29,7440.14,63.6,7376.54
SA0720,OR0720,2024-01-25,25375.66,166.32,25209.34
SA0721,OR0721,2024-01-21,6000.66,120.28,5880.38
SA0722,OR0722,2024-01-29,11257.69,30.06,11227.630000000001
SA0723,OR0723,2024-01-22,8099.74,94.79,8004.95
SA0724,OR0724,2024-01-07,18169.59,185.49,17984.1
SA0725,OR0725,2024-01-05,26240.08,17.28,26222.800000000003
SA0726,OR0726,2024-01-16,14235.44,150.19,14085.25
SA0727,OR0727,2024-01-24,14835.6,67.96,14767.640000000001
SA0728,OR0728,2024-01-10,28260.39,36.36,28224.03
SA0729,OR0729,2024-01-05,21251.63,99.5,21152.13
SA0730,OR0730,2024-02-01,15513.94,87.48,15426.460000000001
SA0731,OR0731,2024-02-03,9628.53,148.36,9480.17
SA0732,OR0732,2024-01-03,9063.97,114.84,8949.13
SA0733,OR0733,2024-02-01,22006.49,2.82,22003.670000000002
SA0734,OR0734,2024-01-07,5344.89,197.73,5147.160000000001
SA0735,OR0735,2024-01-26,13923.86,191.83,13732.03
SA0736,OR0736,2024-01-18,16367.59,28.15,16339.44
SA0737,OR0737,2024-02-03,15061.98,75.37,14986.609999999999
SA0738,OR0738,2024-01-09,3905.27,6.59,3898.68
SA0739,OR0739,2024-01-14,14933.26,104.33,14828.93
SA0740,OR0740,2024-01-30,3345.94,155.37,3190.57
SA0741,OR0741,2024-01-31,8716.73,147.68,8569.05
SA0742,OR0742,2024-01-17,21189.42,178.57,21010.85
SA0743,OR0743,2024-01-27,18967.92,13.64,18954.28
SA0744,OR0744,2024-01-03,16627.04,173.78,16453.260000000002
SA0745,OR0745,2024-01-12,21965.13,39.27,21925.86
SA0746,OR0746,2024-01-15,5531.89,19.01,5512.88
SA0747,OR0747,2024-01-17,3901.37,178.94,3722.43
SA0748,OR0748,2024-01-24,14433.59,122.2,14311.39
SA0749,OR0749,2024-01-12,19309.4,199.77,19109.63
SA0750,OR0750,2024-01-16,13626.29,43.13,13583.160000000002
SA0751,OR0751,2024-01-13,22699.91,80.39,22619.52
SA0752,OR0752,2024-01-25,10339.33,173.87,10165.46
SA0753,OR0753,2024-01-09,877.52,115.01,762.51
SA0754,OR0754,2024-01-27,1100.14,147.71,952.4300000000001
SA0755,OR0755,2024-01-09,30645.85,150.89,30494.96
SA0756,OR0756,2024-01-29,7685.65,39.46,7646.19
SA0757,OR0757,2024-01-28,31000.82,98.53,30902.29
SA0758,OR0758,2024-01-11,1065.83,24.85,1040.98
SA0759,OR0759,2024-01-18,4219.27,51.95,4167.320000000001
SA0760,OR0760,2024-01-22,26290.84,21.42,26269.420000000002
SA0761,OR0761,2024-01-31,15765.81,96.0,15669.81
SA0762,OR0762,2024-01-06,8407.48,107.62,8299.859999999999
SA0763,OR0763,2024-01-24,7419.89,45.34,7374.55
SA0764,OR0764,2024-01-23,31169.94,67.54,31102.399999999998
SA0765,OR0765,2024-02-04,10395.24,137.04,10258.199999999999
SA0766,OR0766,2024-01-22,13743.86,50.92,13692.94
SA0767,OR0767,2024-01-08,7958.29,33.47,7924.82
SA0768,OR0768,2024-01-10,8571.87,197.79,8374.08
SA0769,OR0769,2024-01-13,2253.28,188.28,2065.0
SA0770,OR0770,2024-01-28,3924.79,173.72,3751.07
SA0771,OR0771,2024-01-22,2461.51,70.2,2391.3100000000004
SA0772,OR0772,2024-01-25,20935.66,119.37,20816.29
SA0773,OR0773,2024-01-15,21376.74,21.3,21355.440000000002
SA0774,OR0774,2024-01-31,22111.41,93.79,22017.62
SA0775,OR0775,2024-01-14,25855.35,93.05,25762.3
SA0776,OR0776,2024-01-27,23656.43,176.38,23480.05
SA0777,OR0777,2024-01-21,809.5,196.31,613.19
SA0778,OR0778,2024-01-03,915.09,149.07,766.02
SA0779,OR0779,2024-01-16,1263.54,145.39,1118.15
SA0780,OR0780,2024-02-01,17192.99,118.5,17074.49
SA0781,OR0781,2024-01-21,17621.26,82.15,17539.109999999997
SA0782,OR0782,2024-01-12,7861.3,158.13,7703.17
SA0783,OR0783,2024-01-11,7162.0,91.67,7070.33
SA0784,OR0784,2024-01-10,1990.16,197.33,1792.8300000000002
SA0785,OR0785,2024-01-25,6475.51,72.55,6402.96
SA0786,OR0786,2024-01-05,8679.4,115.97,8563.43
SA0787,OR0787,2024-01-13,9536.03,169.13,9366.900000000001
SA0788,OR0788,2024-01-22,3171.75,151.74,3020.01
SA0789,OR0789,2024-01-08,23923.54,113.32,23810.22
SA0790,OR0790,2024-01-25,4660.48,105.74,4554.74
SA0791,OR0791,2024-01-04,7885.77,182.23,7703.540000000001
SA0792,OR0792,2024-01-07,1739.44,179.14,1560.3000000000002
SA0793,OR0793,2024-01-14,4594.21,59.59,4534.62
SA0794,OR0794,2024-02-01,9366.82,40.42,9326.4
SA0795,OR0795,2024-01-22,16795.98,161.89,16634.09
SA0796,OR0796,2024-01-24,9104.69,2.76,9101.93
SA0797,OR0797,2024-01-05,25703.41,103.69,25599.72
SA0798,OR0798,2024-01-28,23409.64,174.46,23235.18
SA0799,OR0799,2024-01-20,25584.3,33.15,25551.149999999998
SA0800,OR0800,2024-01-30,9534.64,83.35,9451.289999999999
SA0801,OR0801,2024-01-12,5512.5,177.85,5334.65
SA0802,OR0802,2024-01-24,31184.88,152.42,31032.460000000003
SA0803,OR0803,2024-01-16,2090.28,11.8,2078.48
SA0804,OR0804,2024-01-22,11870.11,20.88,11849.230000000001
SA0805,OR0805,2024-01-03,4219.23,176.76,4042.4699999999993
SA0806,OR0806,2024-02-02,13288.66,175.39,13113.27
SA0807,OR0807,2024-01-14,953.7,86.71,866.99
SA0808,OR0808,2024-01-30,11843.83,152.69,11691.14
SA0809,OR0809,2024-01-13,33676.22,14.53,33661.69
SA0810,OR0810,2024-01-26,13765.47,117.5,13647.97
SA0811,OR0811,2024-01-11,20517.49,128.0,20389.49
SA0812,OR0812,2024-01-25,26518.62,182.13,26336.489999999998
SA0813,OR0813,2024-01-11,12205.94,27.45,12178.49
SA0814,OR0814,2024-01-13,24136.02,58.3,24077.72
SA0815,OR0815,2024-01-20,20102.86,167.96,19934.9
SA0816,OR0816,2024-01-23,24230.09,78.76,24151.33
SA0817,OR0817,2024-01-20,17027.73,43.63,16984.1
SA0818,OR0818,2024-01-25,8712.44,146.48,8565.960000000001
SA0819,OR0819,2024-01-13,10567.02,169.75,10397.27
SA0820,OR0820,2024-01-14,7143.12,40.37,7102.75
SA0821,OR0821,2024-01-16,7672.76,44.93,7627.83
SA0822,OR0822,2024-01-15,16749.66,10.81,16738.85
SA0823,OR0823,2024-01-21,10328.05,9.51,10318.539999999999
SA0824,OR0824,2024-01-19,6061.68,155.75,5905.93
SA0825,OR0825,2024-01-15,5500.07,145.14,5354.929999999999
SA0826,OR0826,2024-02-01,19451.06,20.33,19430.73
SA0827,OR0827,2024-01-07,4756.28,189.51,4566.7699999999995
SA0828,OR0828,2024-01-13,8310.14,34.51,8275.63
SA0829,OR0829,2024-01-26,6088.21,8.99,6079.22
SA0830,OR0830,2024-01-23,9831.25,191.31,9639.94
SA0831,OR0831,2024-01-18,5740.68,95.38,5645.3
SA0832,OR0832,2024-01-14,11344.69,10.96,11333.730000000001
SA0833,OR0833,2024-01-11,12942.17,125.16,12817.01
SA0834,OR0834,2024-01-05,7495.11,49.13,7445.98
SA0835,OR0835,2024-01-07,27077.02,122.25,26954.77
SA0836,OR0836,2024-01-13,9748.36,72.85,9675.51
SA0837,OR0837,2024-01-20,9247.78,108.62,9139.16
SA0838,OR0838,2024-01-10,7274.47,17.59,7256.88
SA0839,OR0839,2024-01-18,5811.76,98.73,5713.030000000001
SA0840,OR0840,2024-01-13,21091.75,41.23,21050.52
SA0841,OR0841,2024-01-12,14579.29,123.01,14456.28
SA0842,OR0842,2024-01-27,7815.88,3.89,7811.99
SA0843,OR0843,2024-01-03,14441.96,69.29,14372.669999999998
SA0844,OR0844,2024-01-09,6630.53,51.62,6578.91
SA0845,OR0845,2024-01-07,15796.19,42.62,15753.57
SA0846,OR0846,2024-01-24,11246.58,44.92,11201.66
SA0847,OR0847,2024-02-03,15602.54,64.91,15537.630000000001
SA0848,OR0848,2024-01-30,5773.41,71.29,5702.12
SA0849,OR0849,2024-01-07,32720.87,190.96,32529.91
SA0850,OR0850,2024-02-01,8407.28,188.44,8218.84
SA0851,OR0851,2024-01-05,21235.63,23.02,21212.61
SA0852,OR0852,2024-01-15,12950.41,188.08,12762.33
SA0853,OR0853,2024-01-16,6321.84,108.06,6213.78
SA0854,OR0854,2024-01-25,4119.22,0.15,4119.070000000001
SA0855,OR0855,2024-01-19,4234.0,8.96,4225.04
SA0856,OR0856,2024-01-16,17610.66,23.5,17587.16
SA0857,OR0857,2024-01-22,16737.61,157.78,16579.83
SA0858,OR0858,2024-01-31,1915.15,33.34,1881.8100000000002
SA0859,OR0859,2024-01-07,21892.79,193.66,21699.13
SA0860,OR0860,2024-01-12,8808.97,112.62,8696.349999999999
SA0861,OR0861,2024-01-11,10407.69,101.42,10306.27
SA0862,OR0862,2024-01-16,1440.34,103.8,1336.54
SA0863,OR0863,2024-01-06,10144.81,167.21,9977.6
SA0864,OR0864,2024-01-07,18271.7,85.85,18185.850000000002
SA0865,OR0865,2024-01-27,13356.55,137.8,13218.75
SA0866,OR0866,2024-01-14,16738.74,173.54,16565.2
SA0867,OR0867,2024-01-07,17619.81,189.09,17430.72
SA0868,OR0868,2024-01-28,1100.91,197.37,903.5400000000001
SA0869,OR0869,2024-01-26,10564.72,113.6,10451.119999999999
SA0870,OR0870,2024-01-12,10567.47,124.98,10442.49
SA0871,OR0871,2024-01-17,15826.51,51.35,15775.16
SA0872,OR0872,2024-01-11,13930.33,60.56,13869.77
SA0873,OR0873,2024-01-29,23810.28,121.28,23689.0
SA0874,OR0874,2024-01-07,14242.14,83.76,14158.38
SA0875,OR0875,2024-01-30,29658.08,103.07,29555.010000000002
SA0876,OR0876,2024-01-11,16316.77,96.16,16220.61
SA0877,OR0877,2024-01-25,30929.29,51.3,30877.99
SA0878,OR0878,2024-01-06,4045.32,100.44,3944.88
SA0879,OR0879,2024-01-05,10281.72,4.94,10276.779999999999
SA0880,OR0880,2024-01-12,20506.78,160.06,20346.719999999998
SA0881,OR0881,2024-01-11,8296.95,159.1,8137.85
SA0882,OR0882,2024-01-31,14802.34,28.44,14773.9
SA0883,OR0883,2024-01-14,2692.39,184.94,2507.45
SA0884,OR0884,2024-01-18,5026.67,20.09,5006.58
SA0885,OR0885,2024-01-22,17252.32,142.28,17110.04
SA0886,OR0886,2024-01-04,2693.75,44.63,2649.12
SA0887,OR0887,2024-01-21,12660.95,115.43,12545.52
SA0888,OR0888,2024-01-12,20840.4,140.4,20700.0
SA0889,OR0889,2024-01-09,15565.21,71.92,15493.289999999999
SA0890,OR0890,2024-01-05,9264.62,78.01,9186.61
SA0891,OR0891,2024-01-19,15351.57,189.19,15162.38
SA0892,OR0892,2024-01-31,15519.08,181.24,15337.84
SA0893,OR0893,2024-01-16,4505.3,11.1,4494.2
SA0894,OR0894,2024-01-10,3744.75,40.76,3703.99
SA0895,OR0895,2024-01-16,12838.24,98.22,12740.02
SA0896,OR0896,2024-01-24,13150.84,120.95,13029.89
SA0897,OR0897,2024-02-01,1616.14,29.87,1586.2700000000002
SA0898,OR0898,2024-01-23,11425.45,166.52,11258.93
SA0899,OR0899,2024-01-13,10570.16,133.14,10437.02
SA0900,OR0900,2024-02-03,14192.2,168.37,14023.83
SA0901,OR0901,2024-01-27,25628.43,15.3,25613.13
SA0902,OR0902,2024-01-16,26668.26,151.8,26516.46
SA0903,OR0903,2024-01-05,15858.4,64.36,15794.039999999999
SA0904,OR0904,2024-02-01,16816.89,119.87,16697.02
SA0905,OR0905,2024-01-23,19968.6,11.04,19957.559999999998
SA0906,OR0906,2024-01-07,3914.59,67.0,3847.59
SA0907,OR0907,2024-02-01,22050.13,16.28,22033.850000000002
SA0908,OR0908,2024-02-03,8207.21,27.86,8179.349999999999
SA0909,OR0909,2024-01-22,21550.13,49.08,21501.05
SA0910,OR0910,2024-01-28,2285.68,177.12,2108.56
SA0911,OR0911,2024-01-13,4373.47,19.36,4354.110000000001
SA0912,OR0912,2024-01-14,11792.64,148.44,11644.199999999999
SA0913,OR0913,2024-01-31,9152.25,64.64,9087.61
SA0914,OR0914,2024-02-01,29447.27,160.47,29286.8
SA0915,OR0915,2024-01-10,9446.02,144.22,9301.800000000001
SA0916,OR0916,2024-01-21,8275.45,12.86,8262.59
SA0917,OR0917,2024-01-08,3105.87,103.62,3002.25
SA0918,OR0918,2024-01-14,5303.1,36.38,5266.72
SA0919,OR0919,2024-01-20,24584.8,198.8,24386.0
SA0920,OR0920,2024-01-18,15483.26,149.27,15333.99
SA0921,OR0921,2024-01-17,5950.47,6.09,5944.38
SA0922,OR0922,2024-01-05,3294.63,196.09,3098.54
SA0923,OR0923,2024-01-09,6611.92,142.97,6468.95
SA0924,OR0924,2024-01-14,11834.52,93.31,11741.210000000001
SA0925,OR0925,2024-01-29,14899.48,70.63,14828.85
SA0926,OR0926,2024-01-20,412.31,173.75,238.56
SA0927,OR0927,2024-01-17,17963.8,168.2,17795.6
SA0928,OR0928,2024-01-16,4969.69,80.13,4889.5599999999995
SA0929,OR0929,2024-01-13,3697.73,42.71,3655.02
SA0930,OR0930,2024-01-23,4254.94,13.11,4241.83
SA0931,OR0931,2024-01-29,6819.07,4.22,6814.849999999999
SA0932,OR0932,2024-01-21,19276.73,12.33,19264.399999999998
SA0933,OR0933,2024-01-22,8075.89,92.6,7983.29
SA0934,OR0934,2024-01-12,28964.37,18.69,28945.68
SA0935,OR0935,2024-01-30,4890.98,58.03,4832.95
SA0936,OR0936,2024-01-31,10074.34,155.23,9919.11
SA0937,OR0937,2024-01-16,5802.09,101.17,5700.92
SA0938,OR0938,2024-01-27,15011.6,148.89,14862.710000000001
SA0939,OR0939,2024-01-15,9517.17,42.72,9474.45
SA0940,OR0940,2024-01-05,21593.09,112.4,21480.69
SA0941,OR0941,2024-01-28,26583.59,135.05,26448.54
SA0942,OR0942,2024-01-30,14046.44,189.49,13856.95
SA0943,OR0943,2024-01-12,544.09,172.59,371.5
SA0944,OR0944,2024-01-15,17580.54,33.35,17547.190000000002
SA0945,OR0945,2024-01-12,20241.16,44.0,20197.16
SA0946,OR0946,2024-01-10,1890.86,187.19,1703.6699999999998
SA0947,OR0947,2024-01-12,7365.38,34.11,7331.27
SA0948,OR0948,2024-01-17,5093.85,38.26,5055.59
SA0949,OR0949,2024-01-13,26287.08,169.46,26117.620000000003
SA0950,OR0950,2024-01-12,3911.34,96.34,3815.0
SA0951,OR0951,2024-01-23,6051.54,89.53,5962.01
SA0952,OR0952,2024-01-15,11266.69,165.87,11100.82
SA0953,OR0953,2024-01-09,9065.72,56.65,9009.07
SA0954,OR0954,2024-01-28,17596.62,54.74,17541.879999999997
SA0955,OR0955,2024-01-05,13618.07,77.02,13541.05
SA0956,OR0956,2024-01-30,25270.74,163.33,25107.41
SA0957,OR0957,2024-01-21,4202.63,115.32,4087.31
SA0958,OR0958,2024-01-08,14051.71,37.36,14014.349999999999
SA0959,OR0959,2024-01-16,16240.19,127.43,16112.76
SA0960,OR0960,2024-01-12,2738.0,173.46,2564.54
SA0961,OR0961,2024-01-19,19340.99,148.49,19192.5
SA0962,OR0962,2024-01-25,9398.89,45.96,9352.93
SA0963,OR0963,2024-01-22,12072.53,59.37,12013.16
SA0964,OR0964,2024-01-16,11800.11,39.36,11760.75
SA0965,OR0965,2024-01-28,17488.52,32.16,17456.36
SA0966,OR0966,2024-01-28,7057.84,89.28,6968.56
SA0967,OR0967,2024-01-30,3398.18,75.28,3322.8999999999996
SA0968,OR0968,2024-01-13,20349.48,166.1,20183.38
SA0969,OR0969,2024-01-24,1661.32,138.59,1522.73
SA0970,OR0970,2024-01-30,6746.86,199.23,6547.63
SA0971,OR0971,2024-01-11,23129.49,30.55,23098.940000000002
SA0972,OR0972,2024-01-12,13663.12,27.64,13635.480000000001
SA0973,OR0973,2024-01-06,3873.01,141.97,3731.0400000000004
SA0974,OR0974,2024-01-14,7605.1,2.39,7602.71
SA0975,OR0975,2024-01-21,1293.16,58.55,1234.6100000000001
SA0976,OR0976,2024-01-31,12612.83,157.5,12455.33
SA0977,OR0977,2024-01-27,6080.85,64.2,6016.650000000001
SA0978,OR0978,2024-01-09,4397.54,5.84,4391.7
SA0979,OR0979,2024-01-04,9322.55,123.5,9199.05
SA0980,OR0980,2024-01-16,16563.54,22.96,16540.58
SA0981,OR0981,2024-01-23,1074.49,186.48,888.01
SA0982,OR0982,2024-01-24,14871.92,156.67,14715.25
SA0983,OR0983,2024-01-21,1039.85,198.43,841.4199999999998
SA0984,OR0984,2024-02-04,24174.98,163.16,24011.82
SA0985,OR0985,2024-01-19,2925.84,97.84,2828.0
SA0986,OR0986,2024-01-24,5277.04,97.92,5179.12
SA0987,OR0987,2024-01-09,31771.37,63.41,31707.96
SA0988,OR0988,2024-01-20,9353.09,144.67,9208.42
SA0989,OR0989,2024-01-12,5845.61,158.79,5686.82
SA0990,OR0990,2024-01-30,13016.72,38.57,12978.15
SA0991,OR0991,2024-01-18,18027.67,43.36,17984.309999999998
SA0992,OR0992,2024-01-14,12676.7,161.5,12515.2
SA0993,OR0993,2024-01-14,3159.49,69.13,3090.3599999999997
SA0994,OR0994,2024-01-27,15521.59,142.43,15379.16
SA0995,OR0995,2024-01-17,12215.44,186.55,12028.890000000001
SA0996,OR0996,2024-01-22,545.77,182.79,362.98
SA0997,OR0997,2024-01-11,11603.79,10.41,11593.380000000001
SA0998,OR0998,2024-02-04,19948.05,141.87,19806.18
SA0999,OR0999,2024-01-07,6559.64,195.12,6364.52
SA1000,OR1000,2024-01-28,5947.02,176.9,5770.120000000001
